imgID,imgURL
02ca65e8-79bb-38d9-8352-b057159cb464.png,IM_6JTwt1wDYNKWc2q
0f1195f6-d56f-3364-b0fb-469ce5265349.png,IM_8joBwyjpxtR4ua2
16dbc532-38d0-3540-8146-6926ab174396.png,IM_dgybHGCFdShuSOy
52f2ec2a-f2f3-34ed-b1d5-55f4fc935830.png,IM_8AObHv3a8CdVCCy
5e91c63d-1bb8-320d-9c90-2056f38b888c.png,IM_doJJG03DJhQIUfQ
6e63f626-ce61-38cf-9a43-42b72e72e4d8.png,IM_4IxoiyG3QMJSaH4
7168111a-944f-316f-b414-a0e9317d9365.png,IM_0NkiyQ3DkWTzVYO
74f68805-4e95-38d6-920d-ee02f90df24f.png,IM_6X2Jb7IL7J3oc3Y
8eb9e40d-9b4e-32f6-88f5-52328f00128a.png,IM_eWChAcaJRrOI14q
94a2086f-d080-3179-a043-d0402774d519.png,IM_4Pjdy3fapmR1mtg
9ca66a6c-c93c-3e58-bff3-51c8231f7305.png,IM_5nhIBYnBLwblUt8
ac3d0159-06f8-36af-bb9e-abd5a9021934.png,IM_2fo48VU992JO7KS
bc65640f-95c8-3556-89f0-4bdb5628b989.png,IM_esvNtnybmNEp3vg
cba70565-c912-3b40-bac1-6bee65b2d1b2.png,IM_8jkLiIjqX7YsJQG
df58ce1e-166d-3c9f-9495-a0637459be8d.png,IM_821iquhhaDrJiey
e5a0adf8-84a6-36b3-8993-766407ee3b5c.png,IM_3vFRcUCfAY3D9gW
e6deb1a1-d527-3a4d-98d8-3e30d0183d3c.png,IM_0d2xNpqc5viSywu
f0a3b220-b048-375e-8d08-6c9398624775.png,IM_1SVbOAae4YGnUJ8
fd343a2c-0365-3aa2-849a-89d9b55f9454.png,IM_8CaBvrLd7YcMLTE
08995f15-40fc-380e-9758-04e8345680b8.png,IM_aVSfApG1AvX6CqO
135e01e0-310a-3ebe-ae50-2ca1d9ab0fba.png,IM_2oitMdrLF2pYmns
1cc828c7-e72f-346f-8ac9-6913e496f080.png,IM_8ljebmFqLEhBxoW
1e873dbb-ff60-34b9-9a27-1efc35ff48b5.png,IM_bjUeehpTBQ0tXRs
2e8e5298-4101-305f-8b1d-7600318eb1c5.png,IM_cuO0v0DU90jMKLI
4fe93bc6-da0a-3fc3-ae84-ef918bf7392e.png,IM_d08nTQfhQMff6po
5dd9bce0-d3d8-3fa5-8583-94bd2dc14deb.png,IM_50e5mK77moUkb4O
5ff25ab3-2a4c-3f63-8736-64c1c5b782d8.png,IM_1FSMhVX3pfH26zA
6126bbeb-4be5-34f9-b6aa-9ee6155e9bd0.png,IM_eUHbqT3GBsFByaq
66e15eb4-bcb6-3d13-91f1-b599a210aefb.png,IM_57G43y8Zk6FryxU
7f15ae84-97a5-32ca-8ae6-52f58083eaaa.png,IM_5dNCVJ8Q6bzuti6
8013e098-b5a8-3d07-9517-e746c44fcbb2.png,IM_0CXxj6xvP8ucvci
8a7da046-6b51-3f63-804b-5b23400a31aa.png,IM_6fGjzPyei2axsc6
a7dbc59e-4f2d-30d2-bc3e-ce9f96cd8839.png,IM_aWrtzgYKdc3LExw
aa10b58a-9469-3f6d-9197-c92890c182d8.png,IM_1FAPu9ge2L53uVo
ad8291ff-11b8-307d-a8c7-3672032692d0.png,IM_aa8FnGN4Jh6ELGe
c1925110-b4e3-383a-852b-2d3ce36fc4d2.png,IM_6yC7TmQPbRHure6
d68b10de-a5d9-321e-9727-e151418e0488.png,IM_9mljofF4oRa2SCW
f2c3ed90-daf5-36a7-b63c-2fa27a96d5fb.png,IM_5BGRaDRjxMj28xU
30d2d65b-2d29-38f8-8f63-95e0f68191cd.png,IM_9nSzcrrxoz8Tzfw
3ed7061f-dee8-3559-b6e7-d475b039ebd5.png,IM_8rcgZvTitCPGE0S
3f504068-e29b-3477-a500-ed458c2d5762.png,IM_1ZVMoDbyAbSR6jI
58282814-ba02-395f-84a0-8c5e3455e7c1.png,IM_9vRhCI1pLMsGLQO
68652d53-f958-36a5-bba0-59d2c41f0a9d.png,IM_9XnaBBWuWnWf6yq
74852a38-eb8c-367d-902b-2b08635c7f61.png,IM_bDts7q7s5PRyxvg
74eea845-6f49-3905-9dad-3345cdc2a6a6.png,IM_5pvRrmjrpmGYh94
768afdf2-b88c-3c69-b0b7-6f84c176602b.png,IM_6ROfdXkNZVCCWuW
7a8e99c6-4738-3caf-8546-7224ef220da1.png,IM_9p3T0NFehl4WOqi
800dfd78-adff-39dc-a4ff-af5dd5b5a20c.png,IM_2lVElwmEgQMAbzM
803fe140-b419-31e5-b3e7-5914d440f512.png,IM_2mj4pb7Od43e0YK
84f772cf-1d69-3154-844f-b48c595f96ac.png,IM_5hFDygxaPevwzEa
9566e7b5-e1a5-33f3-b464-c581cc30d01e.png,IM_5d7iDQS6IlqaFka
b298bd5c-2f38-3be7-9264-3c2a99a85e9e.png,IM_af0dvo6f0odszpI
e4a90fb4-0c3f-3616-a171-053409fc6ddd.png,IM_eOIfu9y1AUVR1nU
eb471f94-ee4e-3941-8129-1e9c45e7a7d1.png,IM_2n2gWJo9S4cG4tM
ee8427f4-9217-329a-a96a-5829030636d5.png,IM_e9if5Vu1TvEke7c
ef02bf4f-6f75-391f-981e-dacc3e16546e.png,IM_bd3zhYrcSEa7nZI
f2913606-7b3d-347f-b420-9ab93e53201d.png,IM_ezWMIkxMqLlktD0
0bf78a1f-6f50-39a1-90b1-a30c64783168.png,IM_50jd7viJyqT02sS
1253c69f-6fe4-390f-93f8-ac6209bdd8ab.png,IM_3yCSeVZCRF8jLyS
12f6dcba-cde6-3ea0-8320-d8462fd5ef11.png,IM_7TIpjZO1SXEDUa2
5c6dd61d-8628-39c5-9931-43e33bf414f8.png,IM_8AOOg0OErjalpHg
63503cb1-ada7-38a8-bb20-3f5e49a5f799.png,IM_daIdM9i2kA0MQPc
7af8859a-917f-3506-8bb1-b90e12d1ff69.png,IM_6WE7GSrjR0jlwii
7eccb17a-a265-332f-b51f-ec93bad60fcb.png,IM_bHna6czLrc9ON70
7f1dd1e1-beae-316c-9f02-87d6af5fd200.png,IM_eznwApw1eLH8fie
8ba678b6-cc09-35b9-bdb3-1bb8dc00c898.png,IM_cYmQZOIYHMOy8OG
8fb839d6-fa58-3d3a-a511-a5479928a993.png,IM_6YJohwIYzycucbc
b1124200-63cd-3b4f-9e42-f1fba1503278.png,IM_0Sxzx5ltGxWGIui
b1be5305-e8c2-328f-b6ac-8439b02aa4c7.png,IM_cAdMhRcz2obhlrM
befe93d6-b001-338e-835a-9880a7c8a82b.png,IM_9oSuPWjhjKhTwAC
c910f373-dff0-390f-86e6-d88cb811a4f1.png,IM_9p1sA8CGLFX2Dyu
e43f3d5d-d02b-3806-b59d-5b641f27ed81.png,IM_6gsrOHKBrcdtr0y
eb531223-4d15-3451-9a26-944a6ef6022d.png,IM_a97CiOqEO40WXtk
f2b0e7e6-e0bf-36c4-9d99-adf40106c081.png,IM_9NqMbqeE2XRJ0tE
f305a01a-15eb-3436-b748-9d85384dfa8f.png,IM_55bjZOGDsZU03QO
fdceb2a1-53da-3442-b5f1-9e60fd0527fe.png,IM_4Pgb0pYZq1kwdVk
00e628ad-0401-3818-b410-ffef6f849d07.png,IM_6EkBEQ4eB9gV7bo
1f228884-7822-3556-84d3-09cff77b20e6.png,IM_ctEUy4RzS9YMYh8
23b38f85-3fdb-3361-936d-c705ba372923.png,IM_7NCMk5eCGQm6Oy2
491ce6f7-3233-3ed2-9dce-2e1faf5b2cd2.png,IM_201pThxU2B8l0Dc
5efd4f22-0072-38a5-b4e9-7e3868bae68e.png,IM_0xflflvq1CQGjae
6bd68803-e897-37c5-9d5e-f39a7b6060d6.png,IM_bErx64PbJp2RCmO
7c063016-2af0-3a35-85ab-2325958f761d.png,IM_1ziARVnw6U3oGnc
80b4eb36-532f-3963-b36b-f0c3a06e7e8d.png,IM_efBtH5hb68O2O5E
84f4bb84-b8a5-3f10-8ade-5abee941d46b.png,IM_6DcnCNH9Z3xaPGu
8ddf0259-9431-39e4-b4a6-9843620b2487.png,IM_39Tcxch4Hj1NfkW
95db4786-64ca-37a2-bb0f-e1eec287af7e.png,IM_cx394FMAwwJ2EV8
9d64db9f-d773-34b9-b846-be1a6538b101.png,IM_cUSfRtFiYiXBcIm
a5c787ff-2d59-30e0-8b27-32ca5dcaa250.png,IM_da0FrBOsgPznF66
ae3d34d4-680a-3c90-a560-2190f67afe6a.png,IM_8v8bLbNWTEodWmy
b21ac540-1c74-308b-b7d4-1b41a5eb1c05.png,IM_9Tae7MjKkRRJrXU
bdb54967-e1f8-32e1-9a13-91700c663adf.png,IM_6VHKCcv4Sb04ZGm
daff094c-884e-3b01-b5e0-50538e560fce.png,IM_2nx19PAWkcj6oKO
db239942-babc-3788-8a0e-85a45c0fec03.png,IM_8ILoyuLTOjqymzQ
e6e23095-9936-3464-8381-e2ddac29e2ec.png,IM_8uDXiXlfIsSSC7Y
03d18c09-962f-34aa-989f-d19fdfa63403.png,IM_1Cdxe9wB7Nlgpg2
05117800-8185-3662-824a-a52cf8725049.png,IM_1KZiPrZg8tZwwqW
2a99515f-1676-3aba-ab6c-696b9129c3e9.png,IM_e5NAuRT0h65f738
59b70744-5ee5-34c4-9e10-c290f01b2409.png,IM_7UlzJ44GnhwtXr8
6f031448-1a7c-321e-86c8-f27cd40f261e.png,IM_3qpm69eae1KLwF0
732a0dab-67a6-354c-bb5b-9859b5648090.png,IM_cvX0F33XquTU258
7763fe6e-cfec-3995-9b92-41bca9b13b6a.png,IM_erqCeEVyo03FEYC
92e5f21c-58f0-3c5b-abde-438a884028ab.png,IM_3mbgHh4e7XlGORU
9c1131c3-2c5f-3235-95b0-04443b98e9d8.png,IM_6sSlkcNNEhGzaFU
a17381ff-1a07-34a5-9897-a50cf1ed97a1.png,IM_51KMF5XD5uX0m90
add8d467-430a-39ce-8b09-af3662004a6f.png,IM_e8KmiU0LdY76rdA
ae039687-219d-36b3-bd1d-929b88a6fa80.png,IM_7V6LMn4VtGqcqxg
b09256e7-5b48-3ef3-b08c-3cd5678dd94e.png,IM_eUSVAI6kw8FTxZk
b2fd4c90-2434-3c75-aa6d-7bca2ed4e36e.png,IM_eghQ7NakxQMh0VM
bf87038f-6d43-3819-a6c5-eb9c8846fb6c.png,IM_6LIteBtf9fPiLky
d3282430-d46f-3bb8-8e48-4b4dd5fda99f.png,IM_77LB58TeXfoeZKK
d8b962e6-5843-3e1e-8df8-cb373c215d14.png,IM_5BZTDrLPcIf7022
e5fd37b7-cba9-34f8-8c4e-c4c8a8f05a3a.png,IM_6zmZ4BElT0lQUCO
e8e5c9cc-ecf4-307b-a102-1f3087bf88d6.png,IM_2raIU3YimXv8uge
146360d6-032e-3ff2-8562-bcd1a70a7143.png,IM_1YOFcStrlNXCWSq
17cdddef-4d57-3c82-bed6-063f95c3f909.png,IM_6ilvuKwDnLxaFee
2b105768-ff3a-341e-a339-327e5d151b4f.png,IM_bKNtRrdqEdHoyP4
34c263f8-de47-33fa-af2a-5130c47eef07.png,IM_4VIswcBTqrxYL2K
484411b3-9b1b-3f2e-9178-e125d5ca1c67.png,IM_5pATz5OlFpyHqGW
4a4ac03c-cf70-3ad6-8c27-5c52ef3657a2.png,IM_8xq7xI63QEJkwx8
6042044a-c70c-33e4-824e-33d20a131a43.png,IM_1BxhtuxTpO4kRGm
6edb056b-52c3-34de-9c07-c7dee9b664e4.png,IM_bqoERM41BLzZCXI
8cbd83a1-f775-3145-86de-dede7f8c2ecc.png,IM_0oZjewMXBL1Vnb8
a35a3e44-2359-39e9-a420-2022573864e8.png,IM_cYBRUt4XJbsTYIS
a540bd5b-f204-342a-beb3-03da361c631a.png,IM_bgBOHayuJ96zcDI
bea45de9-e6ad-3e1a-9891-fb7bf92c57d6.png,IM_czOw1foyIJiZQnY
ce5afa54-61e7-37b7-9191-4f320a98e24f.png,IM_5uKjZ3o0Z9BgGYm
d89b87bc-be1b-39dc-989d-d9dcde460702.png,IM_eXxH1z6i3izQ6t8
d9120409-edb6-322d-b57e-0107a404b9ab.png,IM_6zMbUCAHLcxiQWq
dde73233-75fd-38c6-982c-8716ba31229a.png,IM_eWi5Pqx9K1ol7GS
e4b52261-4720-3e2c-a370-9df66d5ad2c4.png,IM_7QXoaoDbfJQ6fSS
e6f6b04d-d6b8-30e1-b077-028fce474b9b.png,IM_a4yT9rtyY3LTvbU
e8bce793-4480-36ee-8802-e555905e258a.png,IM_9SUdrTQVwrAFoQC
15f7c1bd-3164-3b55-8b52-d8fb7bd5558d.png,IM_8jqwDA90eaNc98O
1c7ab14e-de3d-3f80-8a7e-1d85a617abb3.png,IM_4GfMVJDALw0EOc6
266ff6ff-36c9-3837-955a-00052472c28a.png,IM_2l3YyCFjem0XfHE
270968bb-9cb4-3448-bd12-0f58c0a93438.png,IM_5vCEddEXKkKSDki
3e245157-9c20-379e-902f-c94a7cfcddc6.png,IM_0CFY9YVjxeLqmbk
5b7ea083-4d75-37de-84fc-e46dec23b84d.png,IM_eRkv12TVcGW3QUe
6590efa6-086a-3f68-9a2c-d5f04105da7c.png,IM_3HJxEtOi1we1Iea
6bfc7e9e-b7cf-35ca-a55f-2588d511d738.png,IM_0qtabOMN4wf49rU
6fd16dc7-cbb7-367e-b575-005feb061db8.png,IM_bszACQnSOKolxl4
a377255e-aacb-36d7-8cc8-bbbc17bc17aa.png,IM_8jj7cbein0vYRHE
ad55669f-5bb4-3c3d-a0bb-bca9aa464984.png,IM_2oBbHRnIkkF7Sv4
b2d4458b-b113-39cf-a491-1f569d97bf79.png,IM_2t2x2fmbp8MZj8y
bec9b167-276e-3774-8624-a8620173f073.png,IM_80906CPDyIH7Bno
cad7649f-6f94-3a32-9192-8a019fc2373c.png,IM_20qpo4gC7cZA8d0
d0585d84-bf21-3622-b91d-9bad8d7d1980.png,IM_cYkcafJ0NcgLVBk
d1002c7a-9c3d-3014-885f-aea26ae9c135.png,IM_6huxNWbTLIyD8ea
ed57c315-47b7-3508-a4f3-ad2d3dea4200.png,IM_79uNIyOlyU2nR8a
f254baf5-1725-3975-bd9c-8860c0be7bb8.png,IM_4VBbBAOT2OOXRhY
fdac0e62-6fc4-396a-975f-4a8c7f2b2da3.png,IM_2somoBd71VRJg5U
0e009f46-eb25-3f6d-abf2-e83fcf99c25a.png,IM_bxudg2VuIdCEcqW
0f88ea4d-4ec0-3c7c-8738-5ad00cb78806.png,IM_9o5OCrBKpVt5ilg
28549226-40b3-3b51-ba6c-fcca2b81ec80.png,IM_6fz9Uz2kxhtaSA6
38853f59-0ef7-3857-bfc4-b6db86350a9f.png,IM_7Wp67W1b893rDka
3a12e965-5ab9-3ec4-aee4-3026cc5be31e.png,IM_795vRVsXMSvzX70
41ffdb19-2b56-3921-a0e9-43b2fe9ba6af.png,IM_2uCvOrLMMG3NFWu
449ec3aa-620e-3c69-83ec-e07faffe20d7.png,IM_eEVO80xzfvmfFX0
5065d581-e079-3a46-b079-369e1c61b98a.png,IM_9LhzIiDHDIundNY
5f71db3e-5d1e-347f-b393-3f2ade2e829a.png,IM_4ZotPE5T0UfZ4Ym
788bf283-4712-383e-936a-7889dc709609.png,IM_0SAa8wzsumtsPbg
843d6dfd-e74a-3b7d-a94b-c322201a8ff6.png,IM_9oygEhife3vTqgm
8ea044d6-4f6a-3f3a-be65-9995b1b961a5.png,IM_aauqEC7wH8YxQwK
a03c774b-52b9-327a-927a-2cc1c5942df9.png,IM_7PNKS0f7JojTr6u
b47e8825-6e31-3a3b-948b-31278de23f17.png,IM_9NtkYqC1zwLvzim
b8733ec9-14a2-3f7c-8353-1113e52bda16.png,IM_eUNzZIbnwH03pQO
d169203d-83c9-3da6-ad44-673dd89d9eea.png,IM_cRPovzjmMda8soS
e4c2c9e7-b479-360c-af42-439594a6e66e.png,IM_9NtXC8dOhLoAe9g
ee93181d-5a25-372d-86a8-56028015d3bc.png,IM_9Yw9gLVRr9pb2jY
f4e15cbe-6120-368d-877b-bc59bbe733a4.png,IM_7U6f0m4XaaEDtEa
0f1a1048-0829-3dc6-9f97-b08b173290a7.png,IM_8wRybcfXmQyLyXY
19265832-f577-37ef-88ac-902f8d6efa35.png,IM_41SOLLlWHsGsiVw
2bca6e32-5c25-3641-807c-839b4d09d4f5.png,IM_5v90NVAvZI1VOZw
46a44a48-ac53-355d-89ea-e921bed5ebec.png,IM_bpIL6g75N6dZrg2
4a1bbcd0-9c6e-3e91-a9c1-23d8fc4e082c.png,IM_dmd7XbRW9tEDZP0
5d10c9f6-f5f7-35b5-a4a8-f9316f373876.png,IM_6x8mUIgav9SSB9A
70178ecc-4aca-3b51-9104-9bda2b70c4da.png,IM_9ulABRmwMfJvL26
748f32cf-c7a7-3418-94a4-b41f9c3aa4c4.png,IM_3t6LNzBMgrAjGWW
82ae709d-e27c-3ee7-93c2-dc6d0adf91fb.png,IM_b0WKYyi8Hi8IAkK
90ab051c-2bdc-3ee0-b089-6ba85e9fdceb.png,IM_etx65C6wOUylal0
98195727-8a79-38a8-84f3-c1185c7ba6e7.png,IM_8IWpVbk4DE1drXo
99761439-c50b-3137-b122-4cde156bb34a.png,IM_6hsh2sCV6T88YES
9f132dce-0738-3e3c-becf-82fa9f8ee554.png,IM_4IN78DvkRejaKcS
a4342b19-43fd-3c20-84dc-139e85e1aaf9.png,IM_5sElAgOOY1HfUKq
bbc4c0b6-9cc6-32f7-8a65-a590ecaf58e5.png,IM_bQ4kagPIBsJeEuO
c31c75d6-5aca-3c73-84af-903789693306.png,IM_bNG83F0ViX0S94G
dedc6694-e2dd-3abf-96cd-abafbaa899c9.png,IM_25E5XWTmZfbnEhw
ea4ef60d-1cf8-3669-b68b-028e9cefd80e.png,IM_bfU1JrGqMCLUB0O
f01000dd-bcf5-3ed9-b059-8c45c2d50bc4.png,IM_5yV3tIkh8jRI0po
0996464d-d0f6-34b5-9e7a-fa7d09a16b59.png,IM_cMB2JxVGVgAf7kW
1e2c11f8-839e-3fb8-b32c-9f7e5e19df83.png,IM_d5aewSmdibs8QpU
2cb1c274-28a3-32b2-8ebd-2ee4deefc315.png,IM_82C9u17UglaJgGO
2ec291f4-a5a9-33eb-9963-8e7584c22f1f.png,IM_bQOP3QLXPNQJDj8
2f8a3c88-4165-3181-8dab-6c04bd4f3b3f.png,IM_8H3NgSIet6tXMoK
33eaf1a4-a07e-3df4-abfa-1ddb4603fee5.png,IM_5bBq4BTgG2SV79k
3bcbe9a2-584c-31a0-872e-c72ab23fd908.png,IM_bQojZzJijAIoAXs
3c10bbb2-6cea-385d-8399-e76c5fe2b3da.png,IM_4Iqiqr1ELqe7trg
45a35273-d36c-31c0-b385-9e3600035a0c.png,IM_4I5MPeolydTxKrI
4681def8-4d31-37da-89f4-fe4d3edba492.png,IM_d5qG7frAe1zOtYW
556ed0b2-51a2-37d7-9f1d-fd56e9f05138.png,IM_3PYNMojA1mU50Xk
58a52467-4bb1-3c36-a49a-9e60c2642c29.png,IM_9Su8XheSCBur2Ci
60d78e40-4d62-3c80-a3b0-3fc34022ec7c.png,IM_cOY6h7oJ3IsTxwG
70689db1-ba9f-3528-9d1f-aac0c76e0f27.png,IM_egn8aGWYmjjTCBg
7099535c-6060-35c9-be6b-24b345efe0d3.png,IM_eDoo98evvPbIZ0i
7727be3d-746e-3683-b1d0-6b5a298fc2cc.png,IM_bOfIvYieHDl1BqK
849f5028-6101-3eb2-b892-b8387b008b92.png,IM_3rAOdyTWz2Fis18
9ff3c4d1-206b-32ef-b610-e36ef03eed03.png,IM_7ZClxqqBDWkIWH4
a5ba4388-2bdc-3462-b28d-f0ce5509a9d0.png,IM_2mMhSmaFDfTKbzM
aa7aea39-07a5-32ed-a986-2e7e8227b086.png,IM_eUJsxZZsPTQUONM
b437b0f4-0da6-32f2-94ae-10fd693ac7c9.png,IM_8pIR2TNS7LaZyJM
bb40803c-8743-372a-abe2-8461857b3a3a.png,IM_9WxiUkiJox8DVDU
bd2afbe7-009d-3c18-96cd-ef6ab7a77f0a.png,IM_aV34mgOohLN1YfY
c3964522-f470-3a0e-9717-8e723e47a2e0.png,IM_bJGAErKpPiEoAJ0
d34a1070-907a-3d2c-a51d-bc55aa134172.png,IM_dgwQNwKdCAzP6cu
d3f269da-b316-3c06-9592-ffda92dd326b.png,IM_cI6ccZ7jnb3MJ3U
d471063e-1747-397c-a3cf-ef1776a32402.png,IM_6m8hmiGLZIuoGtE
ff4d67e6-cfdc-39a1-ab18-9a6188aba4da.png,IM_8Hu9vOFmUDlVJoa
14a4794e-a6a7-38b3-9460-1b28735fea20.png,IM_57QTRPjJHvvQjxY
18a999c1-1d0b-3a89-9760-70603e11f868.png,IM_enynqbCzCOtDkLI
2072e4b6-5b1d-30ab-b3f1-5eee8ba8062d.png,IM_8q9NDBMF5bhF9ga
2854fb02-5189-33c8-9e2e-a6fc7b8fb3b3.png,IM_3QtmfVCBNIdDQ6q
322aef30-b297-373e-809a-7909aefc23fe.png,IM_6hbUs1OZalfqMce
3785547a-c116-3072-8ead-36360e68e964.png,IM_bvK6Ox2D1eKYO1M
454bc411-08ae-3006-ad75-46f20f8d92bd.png,IM_0p3T8VFz36bI35A
68ebd49c-6288-34ed-9687-31a3648b3b5b.png,IM_0CJn7eJNBfv6gdM
6c34dfba-5ab2-31e6-8fe0-40dc159f9bc8.png,IM_24fmMDon3sbRvNk
6eb1d092-a950-3054-9a74-3e80f74ec701.png,IM_6m9JGt7fwwx917U
7f8237c4-25d7-3a2a-bf48-d9087d876460.png,IM_doOx816agdwANls
7fd79fb4-b6cf-33e7-93d9-8d2d94b89e0b.png,IM_0GoXSDXPi7bjVcO
8b071c01-856d-39d1-b5f6-fdcebc3e11a4.png,IM_eldYdiaAryrHBwa
8cbd469d-b960-398e-9a1a-9241860555cc.png,IM_cIlghTS51ZM9MHQ
8d2792ae-0db5-32cb-9822-a5c9e2129d1e.png,IM_eeBuJizkaSNyOfc
934af35d-779f-303a-aa73-e2ac85c31be5.png,IM_3yfSdfPDqP0B8vs
943d980a-9589-3e8a-b5e3-c46a03a0bbc9.png,IM_1FCAnpDFkHE9hHM
970cc5ee-b2bf-3e8d-b8ef-7cfdecb26ce0.png,IM_0NvYU8Q7Mw9uzv8
98b39b2c-4a05-3a25-85dd-8923a868ff55.png,IM_5Bao2295oqL96Ga
a718c2b3-87ef-3f79-9525-366a85733b43.png,IM_1ZB9CqxrWZGegyG
bd205646-0786-3296-9e2f-3ce3094b861b.png,IM_em2roF92pa5VOg6
c0ecbe0e-c4a7-32a9-a100-dedbcbca2b67.png,IM_bx85m9g9z8uZ7Vk
d391d280-52e6-3acc-a9c1-0b336541ddfb.png,IM_3kCZ1LqLBfWUAke
da42f98e-c7a7-3a7d-a784-ff1d312d7062.png,IM_5uMS7vAEAzYGi7I
dd735607-8f4f-3711-9019-d6daf60de304.png,IM_1MuP43II6PBIzn8
dee035ba-94d1-36da-aca3-0503c29e9a2d.png,IM_2cqUkSHLiOt1lCC
e87ee3fd-fc34-31b8-bb6a-1e4495d53d60.png,IM_3wmLrLCaMTdt1BQ
e975b6ce-48fd-3d86-bb5c-0f2ca3c75186.png,IM_5iEZyiLGBbbqDoa
083f5eea-085d-32bb-b7c9-3e5604f1dbe8.png,IM_ahqHthglDHNwisS
1bd54407-a1ba-349b-bdcd-39f99ddce855.png,IM_7a0tpu3bWCADyL4
1bdb402a-d0fa-3c3d-9959-7ae0d13ffb1e.png,IM_ac37zXBPRox36Xs
206baf88-5907-39a9-bec0-a8157d9daa9c.png,IM_5nzw1KtfX7u6Rym
279a6060-2720-37b8-95d5-9f0b66c64f69.png,IM_5u5vfj4DQ5vSs6O
2aae1fb3-ed40-3f50-88bf-0cae27d5b6de.png,IM_eY96PypF22mQnm6
4194e32f-9f53-3d28-98a4-67a27f89ed6a.png,IM_blWIp1v3DKUlYRo
48714714-5448-3c55-a76e-d67e2ea9bf51.png,IM_7aLNs1jTe5A6vlQ
4b4b8887-2ffc-3621-b351-e011ef622e27.png,IM_5ndKdNFiXJTAwCi
50d56b73-2f93-3120-bac1-5ca5efc639e6.png,IM_5BWL5dZMPg0CMN8
5f0379b8-cd23-3493-a2b0-14681e50e9a6.png,IM_eUHtokz5fgUUd02
6a0807e1-0e9b-363e-98eb-932a9b8dd36a.png,IM_d56tnnnhfpz5bwy
6bd084dd-e8f8-388a-8443-61ceff824c3d.png,IM_5vbMgXmYiPHANUO
7017a16a-6ae8-3376-a2c8-31c8b1ec8fc1.png,IM_aWbk2wwWdvIRzKe
73312501-7635-3597-b826-239d060c1e82.png,IM_a3218t2KZwlEQWa
78334459-38b8-3789-a757-a84e581a8b21.png,IM_2uavUQHWGXz1vee
7f18a997-615c-3502-a65c-83e08805e55f.png,IM_6XxOyc7SixLLRPM
84ec7a77-b8ec-3c57-9de4-92bfb37c20e6.png,IM_diIvg0YYPJvCv7E
9af5006f-ee49-3727-83e1-81cde7434b43.png,IM_3HSoIbDzaRrJrJY
a079d712-2f39-3bea-82bb-d2833003ae3e.png,IM_2i1OubB8h7nSwaG
a4702d55-bb2b-3f22-b66f-b0690e01caa4.png,IM_4VDB9T3otZqGrbM
ad061d5b-a60e-3187-909e-2e29a389ec37.png,IM_8rlaDxEfHK7cYrI
b6147d2a-73cd-374f-b5ce-bbae79e132cb.png,IM_3BIOrjTohnt4S1g
b690082f-ec97-3891-8f36-86be84a708bc.png,IM_bQKBIljh02UTCU6
c280ec4e-8916-3494-9e4e-ae6227ff19d5.png,IM_dgTCMe7xNmEFoYm
c2c98a3b-8d96-34d0-9033-fec1587d3e1d.png,IM_dh8Bt6jGsk2NcsC
ee92f5f4-2bfb-3fa4-b244-a909d9e177a5.png,IM_23uj7CPwvaLPqRw
f05ef954-3924-32b9-9d88-75a6fd1a2ef5.png,IM_0cG7lwSoMyIrugS
08f232dd-ccd4-3407-99c6-f95e5df4b2c5.png,IM_cAaxwfkx16NDjW6
0cb3deb5-0414-306b-9c7c-c894702028c9.png,IM_b7tmRYT0mZktNdk
12503f07-4ccf-3e06-9b8d-c4d20359f6e0.png,IM_9no57lNCSksoEHI
1a77ab3c-4821-3c8d-a526-940fe5f73c4c.png,IM_9B0JggRhuGsDVcy
2ddedf9f-f6a0-31aa-a52c-92794edb910c.png,IM_79xKIfRFXsYxORw
2ddf28da-8bf8-3556-b052-979d5be4cff4.png,IM_8uYrORRQepI5RPg
31443725-644f-3690-80bf-d9e5c085412e.png,IM_3BFnESSXRlA6fs2
33d25a69-ae8b-36c4-b133-cc00ca66e10f.png,IM_4GZTUfJ8OyuQoui
34a55833-4452-3081-ba22-a0c999614b96.png,IM_0cfGV9eU77D8svQ
3a60bb5c-0196-3b0a-bda0-d8d0e614d2c3.png,IM_7QKsyPZQafesSYS
5bb5e446-34fa-3051-b5e1-3fb99da8db28.png,IM_8HOKnRr2id5SQsu
5f7c1af7-b778-366b-babd-065441e751b1.png,IM_8HWar8pd8dYNPCu
67aedbc9-4d1e-3e23-a846-92f2e26b5942.png,IM_80WwlZ4IsV0E6ai
78526ee6-59fe-3f00-b3cf-c12db8d6911e.png,IM_8xm5O2aF1wbZnGC
95f5840d-01e0-3695-84ae-37a258cb45f7.png,IM_0jEipfsuY7oyNN4
98864379-e5b6-3961-8050-9290b91fdbf8.png,IM_eP9S2lfZodGIxeK
9d468f9d-c678-3285-bc3d-431b53cde505.png,IM_511GYpw9ZceqV8i
a0002ecc-0e3b-393d-9db4-590dd9b4416a.png,IM_aWAACSM8P4mJ7IW
a49b938a-f486-3215-9666-534e8e0906fd.png,IM_9sDtOFEaIWkwnAy
af43ff8b-03ab-3ec9-84f1-b07e0e49485c.png,IM_ahfg5WAgqBn3S0C
b24428d6-cb9e-3f61-a65b-57e0514bed94.png,IM_5naEG6zLlGqGSr4
b46fcbe5-a37a-38fc-953b-33dafc888063.png,IM_eV6hW8rQkAzxrO6
b9cdb824-c13f-3129-b870-99dd94b6c9e9.png,IM_beI7szHovpgVwIS
be6689f1-d1ea-35e0-a367-c117a9d69f8e.png,IM_81BkEgblBmPpyOG
c769ec59-2df4-32b0-9941-6f43c7b28c50.png,IM_9LxuoDMnnc7dkBE
dd288842-7814-3734-865f-796149e6c0ab.png,IM_esQyQ7gVx9TW1wO
f215fd0a-87f5-3f69-b573-61385665effc.png,IM_2nl8xkZ504X7hD8
fbbce3d1-4e53-342f-bc02-58fb8a792237.png,IM_81gUIRM2DmMN1vU
093dae40-e3c8-3db4-abb7-4594c74627b9.png,IM_ezIobr9kPjt0Lye
095d98bc-f8f0-3949-9bc6-34d43931c545.png,IM_3z5bs98YAmYXA6a
2aff6107-b52d-3909-90ce-1a3a6d65cd1e.png,IM_0eSJmbQWj5gTw5o
2b9c3578-f20f-39c9-8e23-5577ddd37755.png,IM_9HqNeFhVNAwC1cW
41167333-0c71-31e8-9c97-38a8e449d109.png,IM_4T90iqFQtCb8icm
44682177-14a6-3a6d-8469-5efc762d43e0.png,IM_2hJotp77Er7LQq2
49e8480b-d2e7-3bc3-abc6-9b6a651a8f63.png,IM_e8QKFN01MUItBhI
5504593e-5f09-359b-927d-3a1051fb6aca.png,IM_e3WoPULAHYnyaXA
5de54367-261b-397c-8175-a6148993754a.png,IM_dmAOZ3UaRwk6bQy
6569e1fe-182c-3778-a298-3b53398134bc.png,IM_6VFOgJBd5X7VVKC
70ca5ea6-baa7-31d3-9b7a-100200a2478c.png,IM_8zVtW9CwvaJTVrM
7c7d392e-a387-3b15-a87d-ec9486926716.png,IM_br1fUCOLFBFpMDs
866ca01a-783f-33fc-8439-967ed1e76d7e.png,IM_8pqzWKMuC9TvzAq
8e917476-ffdc-399c-bb8a-5275e90e94e0.png,IM_01XObvID3Pm0Eyq
940d3790-d502-3e49-be7a-5b001f366e98.png,IM_5nGozjLzmpdNOOG
9894704b-8ea9-3f46-adb4-184fb9f531fe.png,IM_cOUbugfKJ5ZVK3s
9ebc467f-a30f-3165-9057-11e38b56f18b.png,IM_1S4vNyEWsbzZeBw
9f3b073b-c520-3c5a-aeea-1ad2d8014852.png,IM_6rlLEmM2AOFPQI6
a5621f93-f83a-3c67-b73a-43dbea7be723.png,IM_71WeswmU08mtz4W
ae760bc6-fedd-3061-924a-b1a1cb81fd6e.png,IM_3kErkXobqrRNlem
b0984054-e571-33ce-bdb5-d28dd373f059.png,IM_bJeZMKfLVIjqk18
bbc34ca3-40e0-3d10-9f34-873286ed9061.png,IM_a5fiyrfPJwh8BgO
bfed071c-bb1b-346d-b637-017133e14ff7.png,IM_a4qlBPEM94mmPsO
c2a6dfa3-b46c-3ff6-837a-9d43b402830f.png,IM_1T97Ll6D7uc7CPY
c6b92540-3575-384d-9fc8-c80e55b89fe0.png,IM_badSl0jVDpDuPAi
d3b051f0-ff3b-346a-b053-d169b34bafa8.png,IM_eWM0cFRn589MeWy
d57a7b00-49db-387f-95c1-ea564bf59bbc.png,IM_0lbrsBfsJVRfaFE
f9e0dce6-582b-35fc-99a8-2512efaa95d3.png,IM_9nW6fYaVdqFwUdw
064a16d2-bd30-3e5b-b8f0-1ff2b2b1327d.png,IM_cHF4WMb4ri9aroW
0c112018-0203-3154-af22-99ad79aff025.png,IM_8f9cUnJTBh9PO7A
10d98f6b-2a4d-3450-83e5-642b28eefafd.png,IM_0SQgWYvnMxxVgOO
1888a35b-599f-3c4f-be65-7adf457cdd96.png,IM_3t7VEtiuqhJdpRQ
24179156-fba7-3118-9347-0d958ad408a8.png,IM_4N76RoBTNIPXmpU
24662ddd-f184-3ef1-8a87-a8b6b4291e44.png,IM_82PvUm0tSwtG6vs
33783fbf-0016-300f-bd73-660e6910ab89.png,IM_9Y7Pwj3X8uH7zim
3730c4eb-1bdf-3f15-a7a1-59348c76a50c.png,IM_0IXLjMtVO879PWS
5779352f-b919-3b7b-a979-dfb236c52ac1.png,IM_bejhwEZx3iWCClo
5b5ce575-7eba-33c8-be99-1b3a0ad2edd8.png,IM_3gd0emxx8t3hUQS
79b34837-32c5-3d06-b73d-1dd435796ee6.png,IM_0rcLeVh0M2OjBm6
7eb20db0-4e97-3d6a-806a-36ec78ff3f2c.png,IM_efJ1lWm4XmcruMS
83dcdf89-6e73-376d-9e8c-724604cdf45f.png,IM_0JQQ9odqMgKbcDc
87879a25-edfd-3844-93bf-6fee73d072b0.png,IM_0k98ufkFtd54Idg
8a3ab1fb-2014-3f1f-8cd6-0a0af0e0f588.png,IM_a99yB1uAtowjw8u
8c844a04-afea-3b46-8428-dc553bce7a16.png,IM_eX8kVv71wjizeo6
909d301d-e898-3721-a0cd-187f033be158.png,IM_bdsN8K5c4FenFv8
970a9b2c-57ab-3c35-8559-52eb8f743228.png,IM_6LsnBrFa8xq2iTI
a461e2c0-0b18-3fc5-b3c9-309b5eb8f9b8.png,IM_2sF2NimUH3t1VFY
b57aeff3-7587-39b1-a2d7-c7ff56316d91.png,IM_72jVRbTVkIz1cVg
b689ce4f-7589-3aee-8e07-10a12cea8322.png,IM_81AhQfUBEAu97iC
ba5f9936-90de-3fda-8187-507e823f3a1a.png,IM_eLnRU1b1V2KDhbw
ca80dda5-fbd5-3cac-9906-6fe83652c459.png,IM_dgLaTvYf4y1CEqG
d010fe7c-b687-325d-8632-90b0a26e1e73.png,IM_42Ut1tgdH50aiDI
d702a35a-672f-3941-84fa-c9846a6f3e97.png,IM_8FYA8NZztBVQsjs
ec0a4766-db81-39eb-94e9-40f9d1160dcb.png,IM_6hSa7e0ZOA2RTXo
ed846234-9294-3184-91d5-a55af3bc5ecc.png,IM_54nyNIxLj8iUayO
f8241677-84d0-3275-afc2-cd04d4e92d29.png,IM_6EZpEuAbWtvuXRk
077ceb01-3bfe-3c8f-a190-f444cce1a185.png,IM_3NV0tcNf0LXRrlc
17759028-6434-39f7-85ce-8906d0f858c9.png,IM_aa4hwc6rM0WdTro
1bc3ec17-ba1d-3cd4-bd87-b17101a2b988.png,IM_3W5FNQFdRoVQW6G
1d308bc3-6f1a-3f6e-8669-8d743daeb4a1.png,IM_e3ddzwaRhjUY3K6
1da43c7b-2ec8-3cb0-b5d4-10bb70f0a914.png,IM_8ocrZRFtxXJ3yeO
1e2837b7-517c-34c9-abe0-2ed4bfc938cf.png,IM_cAscGejusgixW0S
3eeeb282-736d-3f18-94fd-f9a12be983e6.png,IM_296zYTjw7VwBDFQ
416f1231-ec6a-358a-b75f-068873a46ad3.png,IM_3n5jdxhfRoOjhrw
45c661bb-d4cd-31e7-bea7-9685bc6a2362.png,IM_cGd3EqsnWMEE4Rg
56c44c17-6d4c-3b84-bbc2-bad5ced936b4.png,IM_9HodQtCD3x3pbqS
6c901e27-0cfb-3b32-8439-3e70d791f486.png,IM_cLUy7rBDXrGi5Su
703a28e7-3b2e-3b34-9a32-99233be48b20.png,IM_bBDjkjwGfDoEbEW
71bbceda-132d-3b59-bf61-00ef82fa2873.png,IM_5uMSvswTfPYClTw
79591a95-ed38-372a-b34e-fe3d7f5b0851.png,IM_dgVncx6xIfoGDs2
7b7a8663-e7ae-3642-9c51-483ab716a741.png,IM_2r9qIG75XYCm8M6
81abeb4c-2d98-3698-843b-fa344112e7f1.png,IM_9pnuq5MJRjqYfMW
993db621-833a-3929-9f1f-be9784f01660.png,IM_b7XZKUKfg6t2NVA
b851d02e-bb55-3aed-92a3-0937f8b1619e.png,IM_dpph3hZLWsAUPqu
c1f9ec79-e400-39fb-ac60-e8e35c961ad5.png,IM_aY6n5A8cVtwS3Km
d70b1ecb-3b0e-3b1d-a8c5-e515616896d4.png,IM_8kxBy230IB6hBuC
d7a5d5ea-dbc9-33d1-b360-df39b19e89c0.png,IM_2uuD0kSEm2uip5c
db5c87b2-732e-34d4-bdcf-6b756846cce3.png,IM_0TEFYftIvXSDuxU
dd46fdc4-d752-3947-b11d-3f56d0ce6a31.png,IM_0rnWys83hPezETs
de0c7aaf-2eb3-3215-a3f7-70bddc0038a0.png,IM_56od4SWyqbXF6DA
e7a0148c-2b26-34e9-a788-008a75f6c9ad.png,IM_cGwu0shxMoiOtjo
e865b946-bf3b-3135-ac0d-2b9b530524fe.png,IM_cx1Xma8ZK0ldNY2
ed44729f-8b1e-3f38-b439-e3012b427c85.png,IM_8e1lI5hUXeEfq7k
f5aaf342-0bac-3497-999e-499091bb5a86.png,IM_4Nv8K5I3ok3N4TI
20094825-aabd-350f-8353-cb889e634efc.png,IM_5Bc2vqWyhqIhpzw
249862c2-2e29-3bc9-a903-b39b81481e17.png,IM_9yii80O4tS8XkIm
28c28240-61a3-3b08-a6be-7ada30f38f65.png,IM_brQ2Ut2Y00vXl3g
4cb4a2eb-c0f2-3c8a-8ad7-07bf657d1cba.png,IM_b2ZaUqjBVVHUOwu
51e1056a-196c-33f7-9c4d-f236ac719bc4.png,IM_9LavxdjR5xuoiOi
5ac04f88-9ab8-30f2-9d84-c5e2454561d3.png,IM_eXS3PkP1lYYu4FE
5ac82f31-85f3-3b60-9c22-15fb6c8b679e.png,IM_5BVM7jKS8Jjuv8G
5ad91df4-3f4f-359b-822a-6d124ef1952a.png,IM_5iM0SViMMZVnAH4
6fefbdb4-7674-3da8-874c-7a0a40c14229.png,IM_dhENKasxtZHooEm
74322eaf-5e23-3765-9932-528e3c8bef1f.png,IM_bd72IlIstDNyQ06
80441a83-e739-319b-85cc-677a085729c2.png,IM_e3COhZie3SdYvMG
8523821b-6e50-31a7-88c8-f290e5b944b3.png,IM_bvGoRMOWkAPSwE6
87648c78-75f1-3206-8d58-45bb40101d29.png,IM_eyWiTFm2khmLPYq
a6f79b05-3101-35da-97f9-a6a9f7452237.png,IM_4GZgtY22727YsE6
a7c61075-33a8-3730-b4ba-2604d9d825dc.png,IM_cMhZx7GOMsKH7NQ
a83b2bdb-96e4-3dd1-bd44-07372ab4fb7d.png,IM_8AGoQ2ddPTUcwdg
b272035e-f23f-3bab-8e5d-4ec98b54dc1c.png,IM_6J91mL9P2eB6bno
b406c677-3437-3b50-bcad-3f66dd13c2a3.png,IM_8C7lOpOmoPdTsW2
ba420f92-5b75-321a-949a-97c839944810.png,IM_ekDm5KS07cb4WmG
bff7bd7e-198b-3653-a24c-af2fea0dc5ff.png,IM_eLMK5q7lolVcsvQ
c547d098-b133-3592-8af3-91bbf43692cd.png,IM_eR8an0sltJ4eVGS
c60d1891-cd43-3d70-adc4-01add5ac75af.png,IM_4JxdLCEQ8IQV9BA
e4fd0da4-f3c3-366a-85d0-c4f146ca2e0e.png,IM_6Gssmcm1oiVUKCW
e633274b-0e00-354a-8295-f5b8e64f5391.png,IM_2aSX5Y0FhzEzQQ6
ec638b1f-50ee-3879-8541-1579c4e616e6.png,IM_4Uuq4391w7Y7ozQ
edc9eeb3-4cd5-3708-a859-1961944ab510.png,IM_42bkjIkI8hZ4g5M
fa265b3f-86c5-328b-901e-6b1b415b5729.png,IM_1M93PI0z7Bbbdt4
fc54a5a8-358c-348d-8bc3-9b5dec9e495f.png,IM_d3TsDrj77TZuHye
05918f00-bf47-36ed-8442-9b4b3f93f4bc.png,IM_3D8RC43d1jge4Ga
1365d7b9-a7fc-3315-bef3-56fcd3f52098.png,IM_8c8A8teag2iDQbk
160deb69-9910-3f67-9574-871b53cb9388.png,IM_6rR9SLlqFAiB022
307c9532-b25f-3960-b6fc-e7d4a4ca7cd8.png,IM_cvIsOHkSMtOJcJ8
4701ad60-2157-3fa8-ad8b-039269fb643d.png,IM_4IsCERBpEeThAoK
4c99f087-0708-3d89-a4fc-2e454c568748.png,IM_7Vez0oSmnkMZDtY
4dc39480-9044-3d1c-a7d3-b511bbd61452.png,IM_cT4VxEx5Mg3PsrA
510d54cc-82d9-39f0-970e-fdb1a7b04788.png,IM_2mWHhPjLUnJ83sO
52346c44-fd14-38a1-a855-9ef8ebe7c0ef.png,IM_1BzhU0M3nKMH206
6fea8b81-4de3-3a88-bc44-a46a07b50003.png,IM_erqwFHOV5glQer4
7ad4a8d4-b090-30d0-a83a-524744736fd4.png,IM_exQMD5dzuStsbsi
7cea2958-741b-3233-a105-35e2b4f9c474.png,IM_ez0F5UgjWysLCaG
8bc9f3c8-4f48-30aa-b1cf-1ddf44004974.png,IM_4TqcGLEM14wbUF0
94904614-f9dc-36f1-8cec-65bd2333eea7.png,IM_5vjDlQpqfaeYpGC
9a97d01a-0ab0-389a-abf3-b9cfd51c9d6f.png,IM_5uRrxlIHac3c5Zc
a5034080-4ae0-386e-9efb-c46eddb606d2.png,IM_bfPam0jfS3B2oF8
ad6d54a5-2473-30af-bca3-0364146c44f4.png,IM_3ObGDUsBrqV3yKi
b16fc3f5-b4b3-3567-911b-a894fef8dfea.png,IM_eeQFKmYOkmvYoDk
d104ecd7-8757-3b93-9493-959056440ccb.png,IM_40kXfWKLnKMPDQq
d2935034-c1ea-373e-a82f-1e9a2aab6333.png,IM_00AJQ2UxLbz9xAO
d4474f6f-a8c9-3c9e-86f5-a2c8df136607.png,IM_agUFTpAC833HiyW
d6932bb2-e3f2-34b8-9b6a-75ecada144c7.png,IM_0xf7KN5yMZmOgZ0
d7d82fa8-c7e7-37d1-90a3-9f25d0a50484.png,IM_cvgn9ZGG2Fwg2Cq
dac37438-6185-3b26-ab63-8bab8b1479a8.png,IM_8oVk3B0GoKMAS58
e0fbbf00-d4c4-3049-b878-2e19657a2cdc.png,IM_etFI1NotBS94SF0
e5c976f5-24f1-37c8-9161-99bd110099f6.png,IM_9SR3Hl7bkzzlvRY
e6820d87-1bfb-3504-ad2b-ba9dedc3a3fa.png,IM_bsdYSRfZEOwM7KS
f42faf09-4ae8-3ff6-a809-a2dd90890a11.png,IM_0GMKZh84SpgrkKW
03c1280f-72f2-33d2-8979-59c4f05fea7c.png,IM_eQxEypjyKavKIUS
0e1cb09b-c966-301f-bc77-f3f8dc6b4f3f.png,IM_8kWnCNHWdi5TDkG
0f314568-21e8-3743-a5b3-c7dcefc8f669.png,IM_3rZfqh35mTGEB4G
10cf50a7-5125-39c6-88d8-8cb5d2a07b61.png,IM_6rgU73hKRlOWpEO
3b21a17b-46c5-34c4-9515-27d7e874e3b7.png,IM_bE4vbxIbaKiK5Su
475cdb8c-797d-3a93-8a05-ae1750897e66.png,IM_eERC0iSjdRSdB2e
488d208f-f9f4-362a-8e3d-eaafc03605f3.png,IM_6ySzxmw2RCvZ2aW
6167e263-d2d4-3958-8246-029c1a64c4c2.png,IM_bydwI8YFEejbVnE
6b276456-080a-34a7-9902-d9f98a6df715.png,IM_4UvR2iwBtDRVTAW
838928dc-7088-34e0-9b18-c8a770cf73b1.png,IM_6AvjDWqc1NcPffg
860a979a-4b7b-33f2-b437-aebeb9ec553a.png,IM_eCDrHcOmU1SVOZM
99352770-7255-3116-94e7-6bda381ed717.png,IM_dnBA5croMJ97aqa
9b12a64c-fe1b-3381-8e15-0b7836646cee.png,IM_40J1PywKeEIGQLk
a5b53590-6ed2-30a1-a6a2-1029966a3e77.png,IM_3snnmGNJLpyqxSK
a5d1e964-5140-3ffc-a342-bf790af850c1.png,IM_0lzetpKnwJmJatM
ad730b83-f453-316e-ac4f-710875f9f026.png,IM_9YX4jq4pKksOSns
b9dfb236-6cae-3564-9805-438e0fd050ae.png,IM_77cxXvkfg7BlPts
c434e22a-5bd8-3b3e-89a6-be46b2dc0dd5.png,IM_eyfJCVLzXbZn3Su
c5b05f21-56d6-3e84-ae62-6c89ae164140.png,IM_cJesnbFrXozpolo
c5f5b806-1167-3bcb-8451-e899c6e9dc36.png,IM_d4k45d01sKSyzrg
d93c4105-ef6d-356f-a30b-13266d13e15c.png,IM_5vaHgUlUygXmo9E
e15631f4-f1d2-3e34-a77f-e6280e667173.png,IM_4Sgz6jQCAFDhcKq
e771364f-54f0-3e63-a149-27f9f9ea600f.png,IM_9ThFHjq36lsXNlk
eaa97889-41ae-3ea5-99bc-f233bec2d62f.png,IM_eLquzfj2cs69hm6
f5a5a2bb-7b0c-30d7-8842-e0c9825b7c38.png,IM_e35nghy1mm6dZ8q
fc9463f3-3b25-3e1c-936d-a1136763ad1f.png,IM_8qqRR0lPt3RyLbM
fecb90e8-f64f-364b-b33c-4e33f7af6bd8.png,IM_0NT9S4hDcaZFLzU
ff9d8c64-8a0a-3563-85cb-3a94afb0efd5.png,IM_eOQDgpnEWT0ZHwi
0d770cb7-7bad-3690-b066-aa0266de40cd.png,IM_0q4H7XK32A15DxQ
1653b469-3ca4-3380-83a1-349a7ce584b8.png,IM_0Jl1jNen8qbOq1M
2308f62d-49fc-3d67-b06d-c167ea25112d.png,IM_0xlCWhIZlNm5uom
2a516881-394c-3633-8d46-10e279c46976.png,IM_3NMGQH4kAUFqlpk
2f3df98d-4d50-390a-9a95-1510f8da6732.png,IM_41prGde7myrHvHU
3feb00dc-383c-3425-b687-531877e66d38.png,IM_7QXo2cpcSyuLNUW
4da87448-ab7b-3cfe-b4c0-540222ac5acf.png,IM_6l2pRS9wp10Q5ro
5a5bff6a-21df-3d6a-804a-bd78b1ef458c.png,IM_3CPqAPF7TOsS5cG
6c8317a0-5b21-3e01-b64c-5447a545656e.png,IM_3Ug6SdxF1btq9Mi
73981f1b-fdf4-3ab4-b044-ab1216530b20.png,IM_5mCKewb4PCIg8fQ
750a7657-73b9-3b5d-92cd-5ada1c9f5a10.png,IM_ewCixXX0Lz1pllA
87fbe39b-fc4f-3d19-9bca-d4e2846b5750.png,IM_dg62uKlw4nxxkMu
8efbcde8-615c-3814-ab3b-1b9f0a51063e.png,IM_8Jn03QwLJrsxhMW
9c8da4a6-e788-33c4-9a64-59995ac647ff.png,IM_bEhduBbBOjrVvpA
a8e11caf-4244-3ee2-8bb3-21923e10e1eb.png,IM_bJ9p4z39p9DTkLI
d777d4f2-d1f9-376e-8e74-96224c1e6f41.png,IM_cBiy0x94FWGRFvo
de9a8c4e-f149-37d3-913e-e05defbf19b9.png,IM_bp9jtaDBsAyyhEO
f6b2c44b-b8e3-3fe4-897b-91ee0fba4671.png,IM_5AvMyiFSF15u5aS
f71c8ef3-c6bc-39b7-b3b4-53f584346003.png,IM_55rzHB9RibIxv5I
f85acbb1-13f8-35c1-a0af-e11c02100acb.png,IM_7Pwld62ANWLazNI
07d784a5-5cb2-3e64-89aa-28bfbe33cb77.png,IM_3ITYmBUNsS3gbQ2
09a9220d-5722-332d-97f2-8ba200b5e163.png,IM_6tamvCfDkZk9lJA
1aa618b1-0226-37a6-92bc-66487480a544.png,IM_cOc5lFea7lgkVjU
1f6cf106-827d-380a-ac94-a600433995fe.png,IM_cFQjCZ01aSvX2Zg
23b3c863-d084-33bd-86f4-44cc65a95b2a.png,IM_5cqVFifQkqXOMvk
335a36c5-53ba-320f-95c2-4bd0ec509666.png,IM_425TfWjvsej6Asu
36f8769a-384e-38b6-a693-fbf045b2aaf1.png,IM_bJFtjRF1S8og7pc
3c56dd76-fff9-3d5f-87d7-fb9a9ef90e1b.png,IM_1Nt5H37NT947asu
3f741c1d-0510-3f5d-945a-de480f5ffc4f.png,IM_cT17EPBRFjEqIHc
5527f54f-b599-3e59-9638-96d54c17b3d2.png,IM_0rIqMf5Zwh76g9E
5953c296-4721-3b58-a869-bafcf151f950.png,IM_0jgACbn6dEQu5eK
64f6e39f-cdfd-372e-a172-1dc6566b0c2d.png,IM_6JS3GIaSDfVe6l8
829109ee-25be-3856-8b17-f771d0df6346.png,IM_4Ge4THFGgT6PjsW
a08b9f1e-aa64-3a02-a506-a0ad50f4e4eb.png,IM_bHGhPrdP3oopnIW
a3faf099-e1d1-34b4-8e46-7bda46f0f715.png,IM_bOCN7vVb5THoSay
a870bb4f-f3cc-3b54-a7e2-0a4a63aa251a.png,IM_42bLVodoLItZszA
bcca8add-7f45-3c06-a8b7-065e2d474757.png,IM_6E8VFFrw4EEeifY
bfcc8787-e3d9-3715-9457-93cad0ddc631.png,IM_25WLcLU0lu1QRmu
cec9477f-34ca-3aa0-8883-1eb76e480636.png,IM_b2D9mKIPBLRCZCe
e31af2f6-3d1e-3f0d-b4a0-4ec5d985c316.png,IM_6rlEbeDae84kQ9o
0b28326f-a3a5-35d0-8d83-34ee473883d1.png,IM_03wuUgIDgsgjYwu
43400fe7-b6c1-3c03-8b6f-f0f58df9bccb.png,IM_dp1utNtFmyWNFYO
4cfccd29-7b4d-3310-a45f-1c873b2609de.png,IM_6DUaZLoVvpeaLjM
57158aa3-67f9-39f9-ae2c-612184679c43.png,IM_3t81KaGfsEsHA34
5beee13b-00bf-3f38-a6f8-bfeaa53ca261.png,IM_bDGCsxZGvZKJGoC
64168d67-4097-3f85-9f93-a386e295db9f.png,IM_6LhRu3Y3KQ1yaay
7fdb8e14-3f01-3eed-a3c5-e1632e541ad6.png,IM_bHPfiopbQP1Pbim
872e71fb-8b7f-3f57-a3e9-4c768742ef77.png,IM_4YMwiBEZG41iQe2
9c28283f-f8a4-3ba3-8b9d-3b44c0464027.png,IM_41H6kgSGINSIwZg
a1e81bdf-111f-300a-b885-b94b087ab083.png,IM_1OgcuatO65HtaL4
ab626b80-baaf-372e-896a-436836440631.png,IM_8uBeuSaSPdl5B5A
cf3bfbdd-4c07-3dbb-8b90-6430820b2db1.png,IM_8vry6K59qONc66W
d5d3a274-c1a0-31c8-ab5b-d6ea15e9d87b.png,IM_6DnshYoHKVunqMC
da6594d7-9bbb-36b4-9603-a4be4d1d96d9.png,IM_d68mNynWSYWwiX4
de978d9f-9472-32e5-a90a-f179a39bf7f1.png,IM_7O4R2blODTMOxdY
eac0f3dc-2e7c-3389-8a36-c4cd7ef8cc6e.png,IM_4I6TQ7KILYRauTI
ef16715d-7891-3e41-837b-b340e6777682.png,IM_39mEos6pW5NLJ6m
f05f347c-6ab6-3397-aa9d-28de7318da37.png,IM_0IFtvqVgPzoC2Dc
f609e231-e158-38e6-9319-ad6f467ea3c9.png,IM_6ES0USWKqvjRaRg
fb5348aa-0b1b-3b63-8bbd-b104a54150be.png,IM_dhwjXr1Rjp2VT7M
3853b853-feac-34a7-be06-131f94a710b4.png,IM_aXW993TznWGMbsy
426796af-05ad-36b3-a1fb-b4b55227b6ad.png,IM_aeCnW0T8NFcwf0q
47de25fc-509a-306c-9fed-b45e686c4e17.png,IM_9BqPRQqgjYdS3nU
5e9d7491-8d65-36e4-b92b-11f7747e5e10.png,IM_72mzCtTy4tH6ys6
64c3aeec-6830-34c9-a406-2754d633fb0e.png,IM_b9H4rg0CMZs5uIu
6aff6129-453e-33ad-a607-3b4608d8bbfd.png,IM_7OE151O7ZyZ1Nlk
71a2ed0e-8431-319f-ae3e-0c0ca5e7663a.png,IM_b2Ur0pBNL9fUZJc
75d9b00f-92f5-3701-99b8-9f860519b651.png,IM_6yel6gLVgyqXiom
77773695-b7d9-39c5-8b58-1843f18198cd.png,IM_bCrxaF9FT1zWRAG
7ad1f69e-4283-3f53-984e-133402744c31.png,IM_7QjuR53jYXvXZJA
818884a4-806f-3740-a656-55bd8e285e13.png,IM_1GI0VvAQmgXZ63s
a57a640a-213c-3767-ba62-de5ffa407187.png,IM_8AkFkdcX1VNh3Js
cdb6ea83-053e-3f18-9f68-31917b4da2c9.png,IM_eXNKt8cfpp8Vwma
cea6e4aa-a1d1-39d7-b476-eb67bce27c21.png,IM_2u9jJ6bS9pZ6dKu
d13a30f6-e7e2-3aec-b82e-17b2665229ec.png,IM_2icjq2A6zEGt2vQ
d3f1269f-157b-3c46-aaa1-26526fba5673.png,IM_6zpH3maRFi44NMO
df90b759-b097-3721-a7d0-0d2ead301d3e.png,IM_9Qwl9dRfELUY2Ng
e0e72a25-7ea3-32fe-b8b9-473edb68413f.png,IM_82PjGg2dYfQqGeq
e2506e6b-93ed-3426-9319-dbac20bec925.png,IM_cGaLWYCeWCDXEhw
f19845a9-f43f-3e33-b8bb-6a7e61092153.png,IM_5tnkMOMRX1n9uiq
18967595-7835-394a-a9dd-e67938ed7e9c.png,IM_9Y0kSs3l2orkAvk
25599f18-7fc4-30ca-b112-7402e63de408.png,IM_8ukWBsCb0ONG5Wm
2ebd18ad-4af4-3204-9bc2-0f1fad53dc17.png,IM_23lSVOmm4cpV5si
353a7b3e-9974-3426-8ecf-1bb2077bac16.png,IM_0P19py8PDqndMCW
4b711596-f62b-3910-a16e-9a82241cb4b2.png,IM_9LFegNf1ti9VDGC
5141b736-d7db-35e4-8e5d-5b87d65e0ece.png,IM_3OhwuYgsUSzuvC6
5ea0b6d2-4476-3312-b879-7abe36388cc5.png,IM_cC1Uw15LyzlCclM
71af4913-6a87-3503-9ffd-77345f6176be.png,IM_0qV7YEezuE4XOFo
74a07491-f861-3678-b056-532c0d375f02.png,IM_4ZAensXxi99Clj8
8eb630a5-ff0e-37c9-98ec-061b3f682299.png,IM_0JOpbB8Y0vEP4Sa
a4df1089-6593-3c01-b49a-1365dde226d3.png,IM_1U1lqilDjBhadf0
a7b79ab0-011d-3c12-8673-44292a2a2217.png,IM_0SPvAlz8mOCIr2e
b0283717-abb8-3170-ac2b-3aa37e24803e.png,IM_bf7qN6cFP82DovI
b7738c40-6523-3a6a-a78b-a8eb98c98606.png,IM_bjRVSrQZ8Wvr2jY
c12b6907-f435-3610-a842-228a3e2ae84c.png,IM_9ESMVbBkdwCAaeG
c3567bc5-33f6-37e3-94d6-83d9eb89b5f4.png,IM_5zrrfzg1k5VpK3s
d59ffc59-f777-3a6c-92f6-f0ff37d339ad.png,IM_cLLm4okb33MaTEq
dbca09d8-a7bb-3eaa-9f2b-8777db24ff69.png,IM_3PmY7xGvfRfKbc2
e40f1dc9-45a5-3484-a832-210b77140834.png,IM_eLJ5wdDh7j0UaJ8
f9ab7394-75cf-3061-b7e3-2bb8db11d204.png,IM_blL1cnbWFuG4wE6
01a59bb3-f97a-30c7-8a43-42d0622db1e9.png,IM_cZRaFBdfoTZ5LxQ
02d5eb48-4cbf-368f-9cde-3e0dafe0af0c.png,IM_cBnJywQR8ugN7g2
09104c9c-5c4c-3664-8cb3-a00146970804.png,IM_eneh05oi4z30WHk
0cc4a780-3828-314b-9c64-697364b9c36c.png,IM_1CgxoYVINQOSFL0
1a68b368-ce2c-31b5-b57a-675db7daf95d.png,IM_06AXGYoSmvqsRNA
1d0d51e3-0aed-307c-8137-8566cb428138.png,IM_0191YcLJMaYZ1NY
24fb2ab9-4a5f-35ab-aa79-5352efe1fd48.png,IM_eVeYPxk87UGF6gC
26cb4f6d-1f82-3d04-83c9-814d035dce3b.png,IM_1FBdCSqAkyputi6
31170d16-920a-3e57-a37a-83b9f043cbf9.png,IM_4My36btywvoxGZM
373ef8fc-2a6b-3a2f-aa3a-2a81b0f8e47d.png,IM_2c2bZYeOSOdJTYG
5484c706-dd32-3f1b-b88c-8f9637b07ee6.png,IM_3pxcmkbUazVHyOW
627cb2e7-ef9b-34dd-b154-fcdb718f41c5.png,IM_40BdQcnjGNG1J0a
63f0ef40-90b7-378e-8c12-aa5b118731e8.png,IM_bPIj9M81unzZcvs
69c691dc-fd3d-3476-917b-bf47ab8cc2ec.png,IM_3BOH3A1AABzQNv0
71bc65ef-9b4e-3a09-8b40-096438cb34ab.png,IM_d0uWS8fGrqe7Gmi
7e9327c0-3e1d-3959-b2b9-396aeb95af49.png,IM_3mD3Ty3VMkulrDw
a6597fb8-e41b-3940-816c-2ef866018838.png,IM_3DHG6QuL8FUzk0u
aa03788c-7d61-3787-970e-87cb71b8caf5.png,IM_40YPxQuUzRR27A2
abc791b3-c3ca-39fa-ab41-eff65e69bed1.png,IM_4ODeddEiqGn57LM
b108df2a-a773-327c-948e-f5c2855e78b5.png,IM_eS6nOajmz2MTpRQ
b1ab9eb5-867c-3eeb-b355-94c8e1932491.png,IM_1ZI2caeShtSLiXs
b4a917f5-08fe-3448-bab2-ca7bba7f28b2.png,IM_1ZkJ9PLMWCXXpWK
b8eabb72-a8fe-3db0-b5dc-6fa60cc9eafc.png,IM_3ls91LYsRNUqukm
c22edb11-4f0d-3bf7-80ed-005b612f559b.png,IM_8wPxiLhDNW6wXTo
d2194316-fcc6-30d9-842d-45dc231ae512.png,IM_9uahmSIpFMk0VX8
f8f89736-3516-3380-9f14-8ffe1dffba3f.png,IM_0J1YzLKArNmxpoa
f95a5ce4-4965-3f81-b9d8-c3b27d6fdb4d.png,IM_bw41Afet5BeKm5o
fceda455-4058-3b4c-8d29-3cc1ba4743f0.png,IM_ebAibTh7ViAFu5g
021b9fd1-056c-34d6-8b92-70a750aa6353.png,IM_0NHleDLb1PJaRDg
035efcdd-6d12-32dd-b376-8c7cae1e8873.png,IM_8cUgHnADsqnHiU6
10f8d630-4d55-3453-810b-8752b5a2f845.png,IM_a4UQCuwjmC1Tp54
137ae1ac-0239-3fcd-8cbd-a3e6a66c9416.png,IM_3C08RgxlUof2Xki
19db7d07-5f78-3d72-af4d-7c85a06a81c2.png,IM_eURrCB9rCYp7vN4
1e55eb31-1e42-327e-a73b-f07fbc1fde5d.png,IM_bmxdOSJgdWS6Q0S
2939ce37-0412-36dd-9e07-c36bfa86bf89.png,IM_0Cj07Uuy1Aj2iRU
2f1c998f-852b-3e33-b3ca-61dd00e770c2.png,IM_dnkjnoartYsvdVI
3e8f9216-0385-3c69-9449-1999653ed5a7.png,IM_1BRLFsOjcJmKcdg
41224aa8-5ab4-307d-9a1b-039f3e882b1a.png,IM_1ZdKGuWmd4fZoJE
41da78f8-81dd-3085-b310-0a4c9eb42646.png,IM_0SOXvJnZGG7etFk
47314251-2253-3651-abac-0c228fa99838.png,IM_8bNyHc2KYCKHgKa
4a42ca11-f0a5-3d36-830a-f12c005aff20.png,IM_5bfFBcWlX4ew5am
4a453bed-6047-3648-8679-cef8b99bc5b5.png,IM_3sDpLYegXxgsvB4
670ccdad-e7ca-3043-8c85-dd69baa98e77.png,IM_bCPVbpWWewZtvT0
7f83b173-8cf6-3fa6-b846-b2f22750bafd.png,IM_bpUcIOzcXlFyq0K
8bfaa4af-3400-3606-844e-50e0085b4839.png,IM_cS9VMStRslZ5JFc
96b6a84e-0701-30ca-b646-b76449402f30.png,IM_dnx8iJHbH83f0SG
9d17ddcb-3fd6-32ac-a4df-9c02166fb33f.png,IM_9Y5Mprl8v2E2G6G
a52663fa-543f-34c0-8e80-e6e29410291e.png,IM_9tQ96qZV3deyBWC
b1ab66bb-8ce7-3efc-9d93-fc08f77210bf.png,IM_a4ZEBV566ZKx2Hc
b1df3867-786d-3fca-9cb5-a65a4d9a9be8.png,IM_3dPyRQ00KvZPEfs
bdcff8f9-5170-3b66-be51-c2f0b2d8885e.png,IM_aYkyRqwmv5FSt38
c2680c42-24db-35cc-bcc6-800e1aff9be5.png,IM_8Gnf99GPAwYcxAq
cc53c8f8-22e3-312c-b859-1afa28ea88e4.png,IM_8kTmuXN7Sn6smKq
ccb98b3d-ae1f-3afc-add7-637147f33808.png,IM_9p3EKpl2qWfZrHo
cf5d8fd6-3b0f-3583-886c-39a0ac09bf7c.png,IM_8vxMCALoHKArJBA
e1e27528-60de-34b4-a7bf-90eff807732f.png,IM_2mFvND69nf2l4lU
001aad7a-44fe-3210-b05d-09ebff40fe9e.png,IM_a9pcQNqqKNUhOp8
0a5a1ba6-87d5-3f75-a8cc-0fdb6b4a6111.png,IM_9yiqkrV63MPqm7c
0c8d2305-d49e-3e30-a4ad-f1eae4934c7a.png,IM_8APArjHZgxfhB7E
0ef974f3-9a40-3a15-b885-3a394c7a0543.png,IM_7ZYwimIkU6uPPka
11d46aa4-43ac-34dd-992c-dd98d0c8f0d5.png,IM_5iR3Aev4aiwRayW
149d1a30-4219-3bd3-a4af-de1094574c1a.png,IM_0D7vMSvau7FzqUC
1aaa7111-c8e9-30a9-b113-ee657af866ff.png,IM_3EIn7vU6758q5q6
5057544e-7b83-3c28-ab85-df204cae43e9.png,IM_e58ph46SCBU0XVs
569fb7f4-61be-3bfb-a71f-4a7302403917.png,IM_2lPrrkHEYkbysUm
59d46d50-92e8-3659-a32c-ea9347c4424b.png,IM_ehe8wMNLpWhDGKi
6006f12b-cc48-3905-bf93-c264964cc2df.png,IM_86YYaFNzQ2ymw4e
78229731-21db-371d-9cbe-08b3707b0bee.png,IM_7VBw8JwnELm5jtc
7b6ce78a-25b3-331d-8efc-6cc5f5558d5c.png,IM_02lvjiGNFWOxEkC
7c5f9d34-e047-33fb-99dc-34a7a8ef62bd.png,IM_ea1XVJJ8m6IEHye
7e493d63-d1bc-3272-93e6-3d7e798a713f.png,IM_bBeq9qucKPbxFfE
86ad8e4d-52fe-3a7a-b430-2bcfacd1a89c.png,IM_1REUqTpc8b2LU4m
93abd034-b484-3392-9998-63774fcce09c.png,IM_eX6tmk2PMkrYXem
94a4a859-fc96-3bdd-a720-7c931a172355.png,IM_0rzJSH1G9b39bhA
9a84269a-309a-39ad-b237-13058b00fb71.png,IM_5pZRayQ9UEVFb14
9c757e5a-84d3-3c5d-892a-4a4ce2992df4.png,IM_2fR7hPNaE7MhZYy
a9c6a728-bf8a-3f70-8d58-753e7816ca1f.png,IM_b7NjgJ3x54QRHvM
b696403d-bd26-3e4b-82ce-6c472b6a083f.png,IM_88SkTlyze8DOKzA
bf743117-ff57-31aa-9e05-412ed437c568.png,IM_3ZVrvVFs5bo830a
c28a02bc-7597-301f-857a-5f5477ee7419.png,IM_bEGRBXIdQhfK9Om
c78d3e30-426b-31c4-966a-4119b247005b.png,IM_bQKCy1OFnzIuhds
d509b9aa-d4c8-3bae-933d-fad2e2b2bd2f.png,IM_eDn0WbgBm2LgenY
f0ec9855-0cc3-34af-b4ac-4d21ec591093.png,IM_eRkCQ2NFAxKELae
f25d7fe2-e93e-3549-aca1-1a8340c93717.png,IM_38AdKcMLVmmznzo
0c55626a-216b-3a3b-be0c-951e4898cb48.png,IM_9KnUEn9CjONcPhs
0d8e4327-0385-3ef8-a219-de46c58de6fc.png,IM_2aRzTT0Ed0eRORw
0d90881c-e0f3-3701-92b5-c5a92b568c48.png,IM_0whKtaxsTP3OjZA
20811a78-2bf3-3385-bb1d-241b504456d6.png,IM_9Great394puTUbA
22dd8571-4f89-3178-9578-b361e4d84bdc.png,IM_cSevwn2WBuDgq9M
33779704-a41e-313c-8da2-15dfe9aa1cc2.png,IM_bE173V5vEIqRioC
366d005d-2140-3543-8df9-de8ac8b7215b.png,IM_6Qo8CmGDbhbUqbk
36e7ef01-e12e-3111-90ff-6c1568d2c89e.png,IM_3HQ8ZOfDGmh3sTY
4836bd3b-1b46-3679-a641-a36ad7098edb.png,IM_e55tukEbUwfPMDI
4a31ec7f-9e67-34c8-a18a-a7f69545e6e8.png,IM_d4pGBqTsUDgOKAS
587f8e13-1f57-3e1c-a10d-ac9467e0613e.png,IM_3NKTH1CpKC2DQhw
6f361a89-c756-3c03-8bd1-ec1e687571dd.png,IM_0qw8stjALRiMeSG
6f7057a3-832e-31ef-8162-aa401798b9e9.png,IM_e8wiRo3a9syWaFg
7b23ff94-82a1-3011-94e9-bff808a33dc6.png,IM_0feKLCpABG9s4iq
8253bb7b-33d7-30c4-8f55-bb166b7fec8c.png,IM_3I74lD4sBAsbVhc
874317cc-b037-3b59-89a4-6171c52682d4.png,IM_agjOwCJlM55MWLY
8b88a6d3-bd39-3bee-8c6d-ce7d295d6e53.png,IM_9mA12ANYiVgV4PQ
9e68207e-2812-318f-a07c-d5f6da210609.png,IM_a9HWP9XTapH9Yx0
a2518b40-c060-3e03-a346-f3175713a51c.png,IM_e3RzCF3rijMuqJU
a311f39d-4744-38ca-968c-b2ecc46202f7.png,IM_6x0ebib11BM448S
af9a2eec-4cc5-3518-ba03-0130fb6d0e91.png,IM_6lg2mVezaeUrPam
c2cb4255-0d0c-3f06-8ed7-0e2d21b4c129.png,IM_cZ6pSeg4RJOGAlw
ccaed923-43d9-35a0-921c-5244963c47f0.png,IM_4UbhgGuyFDu4WxM
d8cc5d52-24f8-3ec6-82f0-05d07655ace4.png,IM_0p9m4Z5erhPBXf0
de0e865b-19db-33dc-bb0c-f95ba3b09f2f.png,IM_d1erY9OqjrDbm5M
de6931a1-bbdd-3b77-b3c1-3fd4cd13b6f7.png,IM_6AwtzSMrlrVPfaS
eedc14c3-0110-3e2e-84cf-ca6974c9f55a.png,IM_37v9oHIEkvwQT7E
fb47ae5c-a879-3330-8fd3-5592291a5cfb.png,IM_ehsA83LcKK2gHBQ
0a52a63d-efce-39e1-8637-a451b9d7752d.png,IM_43pfUlpKGx3iH6m
10347c96-5dab-3a87-a707-980c80ee51bb.png,IM_e3YGUwNO7cn1Kwm
169d8966-703f-325c-8fc0-8cc82b041cc6.png,IM_bxTaDmYbB8GwoqG
1949c68a-e7a7-3a4e-8bf6-8698fdad394b.png,IM_0CzVtUJ5Y7nlEWy
1daad946-1a0a-38fa-8e36-d12332656096.png,IM_2nrKdldUTuIeta6
247b6bae-d706-3a0f-999e-d8a6a8fdebc6.png,IM_1EUVOUAc5rUv1Ai
292df541-0351-3d00-8bf1-e08910013bfb.png,IM_eCzDdYOCyXpjszQ
30ec099d-be6f-36c3-b9d3-751768a394e8.png,IM_7OOm1rOuPfkzeNo
3b0e579b-9312-37ab-8832-615027f3cc74.png,IM_6l4l0cxEqbXqdkG
4e5520df-e739-3418-8368-24b7c79e97cd.png,IM_4UupAIa6CpCGYEC
53279b5a-b810-33fb-acdd-7a6cdfa3e18d.png,IM_8GKHB96ZFmhYzmC
565623f2-ac3c-3145-8168-bba035300e4e.png,IM_1AK55P2N2h5UcHI
61b91d50-f14c-3518-ab52-417e6730f5ea.png,IM_ePUmy95IlF8yFBc
6657c8bb-38ac-300b-b4c8-02eb566fcf39.png,IM_e3OxAAhhmBMKEUm
6dd3b462-6b4a-3709-b075-b8c8fd7c28b0.png,IM_5A53rhL5MSj61D0
83f2948a-cfc4-3f30-b46c-ca94806e2406.png,IM_5su14YNMJIOsV9A
9a200a49-918f-34ca-8efc-f2f13407fc41.png,IM_4I7gcPZvcFRCkTk
9ccc7c1c-6f7a-38dc-9e12-e51108f3ff79.png,IM_eLq1gPzX8N0UUzY
a191f283-45d0-38c9-b7a0-bc0ca6ad37ba.png,IM_bvDA2INveMxvyLQ
a4134f49-f275-39d0-a960-9bdd7e3e027c.png,IM_9HzgLbjChMlrKZ0
b4b0abee-b182-3e4a-92e4-744daeab37e9.png,IM_diFoHGo0DOogApo
beb3d608-ea7b-341a-b8bf-9407867b320c.png,IM_43lGPSRN1SYev9Y
cf9034aa-b57c-3f31-b1e0-b946dd3c1d11.png,IM_5cqLpeAasFoP19Y
cfe71e31-4cc4-3971-b07f-7092fc9d8af8.png,IM_6s22VKheg69DREq
d28e3444-f482-3a12-b03a-c05e6bb2579d.png,IM_9HuZdV6YRqoyNkG
de86ab13-9a91-359b-995c-d6b846b7cd2f.png,IM_9mgb0vLj77pP6w6
e41e5585-1538-3a17-924e-73d05d0ed635.png,IM_5yWQXVWawxzXi2W
f5b6f54a-4457-3fb6-a69a-d31f8ff4fe7b.png,IM_0kWrdKBDN3yB9YO
04c1dd18-0554-3d4a-bc90-499636ce9d34.png,IM_0NgUnsWua74VQCq
04ec02bf-43f3-3f42-a34a-314eea13aac1.png,IM_bBKLb8hTG9dKqTY
080f386c-4f2e-3bd1-a61b-93323e8b5e4b.png,IM_5myFIDdoCVjft6S
0cb72afe-ed5e-3b58-9bb7-8796703e7efe.png,IM_5tB3DkTPaHHGnAy
10d34419-23d1-30dc-ab31-623db1ab7e8f.png,IM_8upkKmu30srfozA
2181c487-26fe-3e02-83d8-32557bd34600.png,IM_bQNc4ZEn45vFlqe
2477aa8d-0d13-3a7b-a863-50fb3117d60e.png,IM_cMj5EK0RvoYA7WK
26182191-1d86-3126-addf-9e36cc1ea336.png,IM_01bA2qGaWSv1s8K
2730bc27-bc03-3383-8e39-b2c867eff9d9.png,IM_e5n2V7wHGeXRRpc
285dc6eb-37eb-3836-9f19-2fb25f94e5d3.png,IM_2bEEJ9szjhuRD14
2de14930-9b4d-3783-94c1-0741380af153.png,IM_9F7CjASeIovhd6C
443c1840-5ef0-3868-bdb8-594b5569c0ec.png,IM_57lMTiKLwFrqh2S
4697c5fe-40fc-3d16-a739-b5e654526e94.png,IM_3DlJgZwj9VAcPki
605412d2-9546-3d0f-9660-99912f406b83.png,IM_0xqFxZjpHZiVHPU
729d5512-b624-3118-8934-31e7cade8c26.png,IM_86rAnvtJ7oeFvRc
76e510c3-d41c-3ce2-a5e9-c09b71a4b8dd.png,IM_4ODoR1bBmoXksfk
7d6d03d6-9857-3e65-8394-d40138e53c09.png,IM_20qpHurWLTq1XIG
887735d7-5b81-31de-93d9-70fa69601cf9.png,IM_4SLhttJqWPSqvgG
98a87dd5-728e-34d6-9ed5-6a0da9290247.png,IM_0qw9bEIayfAcTZk
a22c51ba-0fbc-3db8-b1bc-79e8d235180a.png,IM_1N3oG4LrWUfv0WO
ace1ab79-a32e-3b05-9a52-50738f18ab08.png,IM_9U1qkCk5m8n9Sdg
c12aaf2c-c9da-32e8-a62c-8bf55d57d81c.png,IM_db8uJ4KyipyJ3Bs
c95383e5-1491-310d-9dad-f243367e19f2.png,IM_4PGTfbhMxWZsmc6
ce54e5c1-1a50-36e4-becd-1ae8e043cf2c.png,IM_1Xsen7IJCZaGnOe
d121fc3b-17e6-34c7-9d19-9e7cb4b0bc45.png,IM_8kos9L6cJCFcRUy
d48084d6-6756-39d2-b788-15c94e23957e.png,IM_cUuVh1eCSoBZmce
d8fbe0e4-7e0f-3d45-83f7-371b3fa4da67.png,IM_3Q1imSJehHXNhc2
d91ad310-81b5-355f-bbd5-53a8078717b8.png,IM_01yPNuFRxO89IfI
dcab6c29-c9c5-3ffb-bc70-c76be4634167.png,IM_3OUHBTUVNQWlWgS
df8f7536-a0f4-35fb-8ca8-4434a2cf5a43.png,IM_b4tdyG9SC7QWdJc
e0ed49f2-7614-3ee1-9f9a-3f2e6bc5db0f.png,IM_ehDhJEbRgj1vP0O
f19daea8-589f-301c-abbd-70c34249d1f9.png,IM_a5bL9kjNESclTDg
f83813f8-c688-3c2d-90e5-ee12450ee008.png,IM_9tv6Buv1w9fUD8q
fadb4844-0b5b-30d9-964c-26cf876452b5.png,IM_2f6yK5SwCsCNnkG
fdfd490d-4df3-3f78-88d7-c927eebc772c.png,IM_4VFprW1kaAKnGCO
ffb750a1-d7c9-39bb-bff0-da0ee42f13a9.png,IM_bD9l2O35pbKnOAK
01264a3d-85f8-30c2-83e4-5069eb2ddbfc.png,IM_74mDfq8PXt7Dg8K
08591711-9ddc-39ef-87e9-51e3e8da7618.png,IM_d58YUKAtzMdnpLo
126c8d62-dd21-36c1-adc3-0e71553873e9.png,IM_etEdDBol9XZMIZg
24992ad6-0c1f-37ec-ba4c-abd72f6ca0ff.png,IM_ea4Urxwhpja83mm
2b9d423e-3337-3ba1-8f21-c95ec00e79ce.png,IM_eFoHdWBzL8lXQ2O
37ddcdf0-53c8-3d48-92ea-60b5ca9d94e6.png,IM_eJK6gYaZj2tUbsO
37f88350-f6c7-30bb-b2f6-40290a801114.png,IM_4YiMY6QUd5wbW06
3fa6efe1-f6d3-3b6f-9edf-55ee8b3f0aed.png,IM_9XmNALMCwWIG2ZU
480a681d-cb16-38e6-a19c-48a12ba53dc8.png,IM_bgvJr56avhn0vQi
4d739990-5b46-305b-a566-aee928c14903.png,IM_3h3XxFzzUSIJJmm
566fa318-4a00-3ff3-81f3-d74b79a75aa3.png,IM_9ySzudrBKbcoBgy
60cdc247-16ad-3e3d-880f-146f93ec1893.png,IM_9udhHCUuTVgEo1U
61f7d6f3-6574-3453-b80e-ca0f9ad4b0c6.png,IM_b3fhkM9xjf0QaOO
62c4bc60-b095-327c-953c-c29ff6fb4c03.png,IM_1TU8gw6YgeNCWtE
71ba4479-6b1c-378a-8fac-0be3d888906e.png,IM_brBz6zdsu4w3FDU
78c0cfe1-a490-3869-9416-e62bd481802e.png,IM_1MiL3IfCrhFMSvI
8af7af82-bcad-39f9-b9ba-9392093a8c0e.png,IM_42XqmmqFjfUysZM
8bb25f86-0922-3663-914d-78730e20c2ca.png,IM_6l4oAsZvoBSag06
8dcf8abb-fc2f-3f2f-ae5e-284c68ff14b8.png,IM_abzGSbnuZgteFF4
90864133-57c2-336e-82ef-68519b40c964.png,IM_cCpCLrGdxXzU4Cy
95296d3b-687a-3b9b-ac89-a3617a9b5a76.png,IM_6RRvATHBFMPxQLs
a54e0d51-0486-369b-8218-fa6fca57d953.png,IM_8wRmSqUjHyNC7pI
aa99e0dc-417e-3fc0-be39-616d27890b7c.png,IM_5vaEQpkaROg3Pz8
b879a4c1-741f-3a3a-b6d2-2e8d33ad777a.png,IM_6GcriYeCEIBebMa
bc699431-a9ae-3b20-ad2a-0bd9ec011690.png,IM_9oDtUmZmNpoi2O2
bed40ffc-3009-3bea-a8c8-cb334a4f0b80.png,IM_72pNSF3cELfHmWq
ca5d592b-8e83-39ea-b373-0a203cba8a0a.png,IM_77X7AiMTI7j91I2
ceda05c5-807f-3bf9-b308-24ffb1d0544f.png,IM_3dS5A5prCaDu7oa
d15699c6-b773-3589-9755-6b0a47eb4fdd.png,IM_eez0tT1tk7NgAPs
db524c5f-40bb-3d9a-8e17-ff68400a89d0.png,IM_9Yvaf5qTpwvSeRE
e0093c26-cf65-30e1-ae6b-b28e6221ec62.png,IM_a8LXw578CgkABNA
e39740b0-21fb-3510-9433-6e974ba8d945.png,IM_3RfBUeOvw336Aey
e502f20c-1332-3cd3-a699-f193d545d393.png,IM_aVJBP8V0DDsYFbE
e5b26c45-8f96-3f55-81f8-7490e263fedd.png,IM_79XTQ2Iea11wCKa
e9d32c11-d16d-3e85-af63-0861dc2e2477.png,IM_9Ys3txUDrtqVtye
f1cb7416-3e53-38dd-8d9a-bfb6b9b30da1.png,IM_b9qkCYX04nz9UCq
0ffd43e9-1f8d-325a-a953-2cd5a37c2c15.png,IM_1NtTLI7X9yNLlZ4
13fe0ff3-db9c-3522-8fd6-2106f0521b3f.png,IM_4MEzyA1iOXsHSZg
14f5a68b-2bd0-3a17-9e94-3e8876f68ee8.png,IM_8koNYhqV27aQifI
15de079d-1e58-36af-98d2-9a9c65cdc2e7.png,IM_50H6964ljyhWOWy
1c2d8703-b5da-3d5b-b638-8d0481080a2b.png,IM_bqjl74cm1LWSK90
1ee3ad53-10e6-378f-96ab-e5a338c3d9e9.png,IM_9HqL5Tjin9kkIGq
23cace92-7f56-31c1-ba73-11ed8c0c490d.png,IM_2aGXBrOotBh9Y3A
28aee13d-6a5f-35be-b4d2-6afc569e628c.png,IM_bf1cofcXNX8ZRCS
2f0ba608-598f-3ac7-9f9b-9008cceb0802.png,IM_0dGlhtL12AmeZ3o
2f0d5f01-8733-348e-a522-04fd8fbfc92c.png,IM_eyuzZArbmWQsCLs
473c676a-7b60-3d1b-b857-e8436e5c016c.png,IM_dm04FRJJAU6S0Bg
49a84b93-a4e1-33a2-9c47-d6dea218278f.png,IM_4SLe2NWPEe2GzJQ
4efbb2d0-d648-3014-bd3a-a5d64c4971a9.png,IM_1StjGukGgyxEN3E
52ab4bb2-6e6b-372e-88eb-54a4e473bf2e.png,IM_0uFqvmtnAScglka
52f6d080-761a-385d-8094-a8545bffa29d.png,IM_bxOffGOpmG2goqG
7b22728c-f4c3-3ed7-82f3-366c82cd3338.png,IM_eVaQrzOZwudhjVk
7cd378e7-8e77-37f0-bb51-ca68e2753c4e.png,IM_8xkowB3pWHrfhl4
8aadf338-e315-30c6-a6ad-6a318dac1410.png,IM_0GwzEnjhkEWM0n4
949c1f0a-6635-3b24-8d38-739bfd445881.png,IM_0xrujbkbo2NvaQu
a4062999-caff-342b-9981-2e193d2f031d.png,IM_3jGOXS8FZlJpf7w
b56acd99-141a-303a-9750-a8e5aef68c80.png,IM_dmMqWbZNtnAr3oi
b61e9ed2-c49f-3347-89ee-d061a7c51dcf.png,IM_0q5sPe3WfsrzXXE
c042c217-0634-3d92-aa23-1f4274fcc8f2.png,IM_9RhmfVHhTixY14a
c861ba99-6ffa-363f-ae3c-96cbc82bd14a.png,IM_d0eduCFNsMUKqhw
da02926e-ac9f-3a4d-a5dd-30b8e217811c.png,IM_afPSjXhcKHmIEPs
dbcf28d2-ca6d-3fac-b84d-8381bd82e458.png,IM_0GjeivRP24G65tI
ddd4fed4-7b3a-394a-8fa5-1876096cf713.png,IM_0obkeHmUeFq2lJc
e3b89fad-2800-3ea9-88dd-1badd78741fd.png,IM_eLfZ1aJU4YkWrsi
e66e527e-0823-343d-a724-c9e5a4134ce0.png,IM_efx1faSPm0vHx4y
e750425f-e10d-3d04-8b6d-5bd8ce497983.png,IM_8Ghfc188QtbC514
ec151c83-e03a-3a8c-8479-4b91fc2952a1.png,IM_d9ZshLo7gPZ6BZs
ed726bec-4d4b-33fc-9bd2-662d08fcb217.png,IM_2rWJ3XW5YKkBzAq
f3745eae-cf68-3969-a08d-6b9254ec002d.png,IM_8k7jjtjDVavf90q
f3a95cb0-2ab1-3665-997e-a8f9cc00dfae.png,IM_38DInyMnqqZLB6m
f7fd5132-721c-35d2-9223-656ddf607b74.png,IM_bCWm9XAQD8pFjIW
f82bc243-809a-3b04-88bb-0d83b0bde763.png,IM_7PBJa7oCAWZaOd8
0a640459-92ee-3ae8-9acd-576590006ae9.png,IM_8i9nJBe8H62GHMq
233ec0a5-ce66-39c4-a9e3-420e142ad1db.png,IM_389ZHiqKlGXcCua
2393bf56-a0d4-3997-baac-04866c16025b.png,IM_6VZdju57IZiNfv0
2a70eeef-a6ed-3ba9-a861-c8da62c82093.png,IM_0UIeQ1qmyeu3c6a
2fb63315-f364-300c-8f8f-428c182f5adb.png,IM_7QH8UqahY0RK3Z4
333196fb-556c-37d5-88b2-06709f503e19.png,IM_5AXdGI0FHlrSaPk
348f3f03-8997-3086-bb44-177ae3bce975.png,IM_9Wv1vMmCC2fPCBg
36c59017-44fa-36a7-a548-14a5ae07250d.png,IM_3dWHmsqQAYYsD9c
3913a39f-b372-3cc5-bdcf-0d6460d728a5.png,IM_beaI8XVldpIJsbA
3b14c942-b63e-3e61-974b-44fc585b2156.png,IM_1Fy0SWImP7KWQei
42c997d2-5498-3fe6-ba35-3f094a978627.png,IM_0TbAgWHIiKxQnrw
4b398869-0aff-38f2-a0cf-7e0eaaa614c9.png,IM_8HrkNn2cNeBRBiu
4edef4bf-3d88-3fe2-b0fe-91ac03f19b52.png,IM_6m3N3lE6RYyZrIG
513c60f4-b319-36e9-8463-c1d0578ee11a.png,IM_5dUq1CNhSNusctw
56f985b0-63b1-38e6-bb70-2d31615289c9.png,IM_aXjSSGF2krSxA2O
57c3a929-78cc-31b2-82a8-3b8863242e0c.png,IM_6x87jBXwOE4Fs5o
5970dd9e-9ca5-36af-a845-06005784b969.png,IM_5sTTYbmbA4QdCQK
61d37c7a-5d1b-3dd2-8a9a-afb071bc66f9.png,IM_2hQfo6vqil0X3O6
651ad905-5450-383c-bf9f-9c0b25205acb.png,IM_cveq6lVLTAJ0Lsy
683691a4-cad6-347d-b0e7-b1f442945332.png,IM_0SU2i8AZVzuHDUy
6fcbf3fd-604e-3024-b480-f1aae863fab1.png,IM_8iUA5xmKA4caqVg
780774f7-a646-39c9-8f51-0d95bfa50ae4.png,IM_50WJjGNR3Y63WOG
7e600494-888b-3eca-bceb-54a11247beb7.png,IM_8pnaIGPwzByx3gi
8045b493-74dd-309e-81ea-d4b4e81b852e.png,IM_72sC1PBYdV4lq8C
878b5ea4-a6ea-343f-8b3f-775db0205b50.png,IM_9XjvIbWk7lSg4xE
998514df-646b-37b8-b930-276309993b61.png,IM_81dPJW2dEDuAoaa
9cba7382-0994-3c12-ab66-8b8236e1e2c6.png,IM_0wZ0xzBuqPEebIO
a6314d2e-8fda-39ec-a02d-bbd45c51b99d.png,IM_dhD9oaFAKgMmnFs
a70af844-05ac-359c-9afd-67c311da0192.png,IM_cwN8amkwOnFFEDY
a7e2d0ab-6774-327a-8364-14abf6c60fa2.png,IM_78l143ejEl58cp8
aee4fac8-3ec2-3be0-a3f1-efd553285682.png,IM_aXAY8hMhmId2X8q
b6cd695a-a1b4-385b-94ff-1b8f092aa15b.png,IM_ac0v2n1me0FtBiu
be3f1463-57c2-3e43-86e3-1d39e831dd20.png,IM_dnBYr8GO4UT8f3g
cc00a640-5061-3f89-bda1-8aff95ac12cd.png,IM_9naUzXZWlYuStbE
d0bff957-bc05-39f4-a580-272c25796f3b.png,IM_d0GtNw3R1fyvlfU
ea79953a-ec80-3b36-b886-47b2ddc48ab7.png,IM_9BSUb8ZImdmo3Ma
02556926-88c2-32c2-a539-589796122d05.png,IM_8ll5wBZMC5cfeR0
053053cc-3b26-3a19-8409-0ba301d2b67f.png,IM_a33OlcyuDriux4G
17483b15-6553-3444-9495-147675d7fdfc.png,IM_bPzpU9OYJC56Zng
17955e71-05c4-317e-a6b3-453958dd0f2e.png,IM_5jZ3pUmRVPKO0Dk
1912f470-a14b-3663-a249-f8bf63eddc6b.png,IM_cHiWLJ0OjlHQdjU
23ce32a0-da40-3f03-9418-57af9c6208fc.png,IM_3OvEauFamreMCh0
280a17aa-e0e0-3e7f-b8b2-944d59233c8f.png,IM_38lwjFe2Sj55DT0
30894db1-2e5a-3a4f-a031-57add3c18788.png,IM_eS9t3wlcAhixwIm
3c02ef2d-a9d5-3450-a53a-abb6253f21c1.png,IM_6Q2OU5Fl1GMBVNs
3e83da91-23fa-3d80-917e-2bd522dcb639.png,IM_5bxXeiPqDi0wdz8
4d0ae627-c3aa-33a1-b682-fcd5c6dfb4e6.png,IM_beinoWQfboe0Ypo
532a8c4e-b837-3eca-85d1-e12dca13638c.png,IM_0PROBbmGFmTMzpI
56bcd239-1ea5-365d-a8d2-0554be203849.png,IM_cMY3Yz9ra6nQRlY
5dd21148-5104-3314-8d89-a8c7b2e9c217.png,IM_cNmMJuc1RzNjEvY
5e65bbee-9a16-3a4f-b2f2-88ee2b7a222e.png,IM_0dey3JDNA24cNue
7b1d5791-0eb1-3061-bb0b-bb47dad36f6e.png,IM_0wj3OGKNoXvgiyy
867b4ef3-04eb-3b4b-ac43-096ff69c969c.png,IM_81HxlDFHUbQkd14
8a283a28-2950-3979-9163-732b2fd0dace.png,IM_blmR73Y6X6dXMqO
90bf8c9e-3948-337d-9c10-e78b44cf3c99.png,IM_7UU3jqXNgy3PZXw
979d071d-d23d-3e2f-829d-18b942ac6c9e.png,IM_3mvJQNfd00MHJum
99893f29-eaeb-3d11-b6fd-38786bc6849c.png,IM_0iJ0vRrtp90qlNQ
99eb5052-b0fd-3a96-8942-6e4b9ef5fea9.png,IM_4YFzDmV9mumPFmS
a41c5d7b-9ff5-3636-a093-faa73e81416b.png,IM_5zMjeoGhQDF16ZM
a47dafcd-f595-369a-94a1-5312f820dde8.png,IM_0TJTXo4FyBQeMdw
a5ed371e-2e02-3b15-bfa8-e247b547d19d.png,IM_5oncFdASdZPqg3Y
b1f247b6-7b9a-31fe-9e08-a4c360ac4db0.png,IM_9zS0cpH2eWqySY6
b45cba67-8075-308b-bfd2-ca25640e9b53.png,IM_4JcQtE7p1NEprTw
b8d5d653-a39e-39e7-8935-40338ff64f53.png,IM_cYlAOJsE4x2nBm6
bef13f7a-20dc-3b63-ba18-3531937e1459.png,IM_4O9HAowoR8rMItg
cce0115b-8cef-333e-94d5-ae2a0550496d.png,IM_eUHcqUrTpJwIdy6
e1ffdfe7-0b4c-3baa-a88d-f9fa0c86472c.png,IM_022rLn7zE9F3XH8
ea404cf7-6647-312b-a31e-2240c23a972c.png,IM_3QPU5SB8pfYfe1o
eb5d33d9-95cf-3895-91a5-3f8fc1d01f3a.png,IM_cUeT5v7K5v5vRjg
ec07dfa6-eaaf-3069-8490-6579f8af39f3.png,IM_bEGgxK8zfNMIRHU
ee05146c-bf4b-3f0b-a274-2426011c9d74.png,IM_b17gTSSQVJQTeIK
ee6417dc-c11b-370a-b574-fce61d5ac2de.png,IM_eh5eiK4u8VnIh4a
01f0e710-6b72-334c-95c6-f3e9634d0552.png,IM_8AMCNFTs4T3GEU6
044b38dc-8f4a-3921-84e6-6ecaf8e816f4.png,IM_0Dm45RS7NS94j1Y
1194b444-6f15-32b4-8304-1f0fe1f20bda.png,IM_73WbDaxRVYLaAEm
12c4a148-7138-3038-9deb-fbe20ecf3a35.png,IM_87x45bZXTLZd81g
2f9d2f04-7922-3eef-a38b-2b3e06249604.png,IM_41sA6GZbZ9pSCFM
35783f7a-e46c-3cf5-909d-0e5639abd3d2.png,IM_8eM5JMwhzdUDgp0
35c67412-2561-30eb-acd4-75f715d97afa.png,IM_2hLM9ni7Imz9kpM
47efc764-da84-3cd6-9ce6-83aa5518848a.png,IM_b3N1ARJV9xc5xPw
48327f67-c81d-30b4-84fe-94c646eb8a04.png,IM_3IWybEyVPK51LYG
59eca1ce-6af4-3ea7-a2e1-5cd701e06fde.png,IM_6ol2WWvVFu0FQ2O
5c2ba42c-1c63-3b28-908b-941391593a1f.png,IM_7NXK4lkckpmgFEy
6224e0f3-fce0-3940-af70-d1e1b4c42f9a.png,IM_cSAJ6Sw33gUhyqG
64a9bc2d-95d9-3c90-bd2a-7af2464efc53.png,IM_77H1qStEi5T0iUe
69fc348a-45d8-3acb-b00f-74326c57f9f0.png,IM_6hxEicFRwv2UekC
6b31b5fe-e759-3e28-874c-6a525b2d55c4.png,IM_eE7VZHvI8Uoo4Tk
6ddb21ca-5970-3557-939b-6cc62ab256d1.png,IM_cPgknDpDRiLKtYW
7279a397-9548-36bc-b829-0240805eca68.png,IM_e4zhj5OstyGSZOS
7ee191c2-8dfa-3de6-b939-f819c41c1a75.png,IM_5u3NO17O8YTstfg
890bc9f2-2257-3311-b618-455906d744d2.png,IM_bjtGpQO2OaC0lWS
8d12eae8-cc88-37cb-8bdd-239969637e8b.png,IM_1NyWpw8Mse3qjye
8d274fa7-a3d7-3870-8234-87e62a8e3e57.png,IM_3dtBgsowLL9prFQ
8d9a39b1-9d79-3e89-bb1b-7a163b9c925e.png,IM_0dMd5tYVtCjEWCG
931f3121-822f-3d47-abf3-ff093bd95f28.png,IM_esSbHxpL7H8YTfU
9e8f71ab-bded-3482-a25a-4a50e90cbda0.png,IM_7NIooGVIJVTpBfU
a12405da-1760-3620-bb8c-5ce3bc130570.png,IM_eEFNdeSxZTbBS3Y
b91d5687-ce22-3610-a14d-2545418c5849.png,IM_bdqkQK0P8r6fT1k
bf0f2b94-84db-3451-8b01-d6a18c091695.png,IM_0e26vOW0HkQwSk6
c3ce73c4-fdc2-3b32-b75c-6f1b83cd2d17.png,IM_79C9W0pLLw3AClU
ce65e1f7-7617-348f-b515-930c07900e5b.png,IM_bxCyUr3srDrtdP0
cf220fca-a955-3915-a86a-f721b7e5d80f.png,IM_4TI0s7ySy7FxEH4
cf4fc64d-99ab-33f3-9afb-bcc843ddb6e1.png,IM_9G4m4s0UklcSuq2
dc0d964e-ba09-375d-92be-120b96a442d6.png,IM_3yBbKTrc7PfHZ5k
de116c2a-e757-3067-b41a-4af51aaf0e80.png,IM_0U5c66rlhqAztBA
eaad1758-4f52-3b9a-b2fd-18d1c0cc783e.png,IM_b29LalMscSftM0K
f72acdbd-4024-33c5-8f84-600c844f7373.png,IM_8ocj8dSsOL9AkfQ
fb67b211-0ac6-3ef6-aa66-e94c17c79642.png,IM_cIy5fmiqrgjNcLY
07b0f297-4e5a-372a-a223-56e5e140f9f7.png,IM_1Yrfyg2u16wRhcO
0b4d76b9-6381-3dbd-ab52-06fb17685204.png,IM_9mEHmfcgEJbq1AW
0bbe58bf-b01f-33c2-ad78-fa2d494ce676.png,IM_bwuFb8TZuvygUn4
1d52981f-5b6c-38e5-9065-11fea3c20a76.png,IM_2itROIwMjHDZsR8
1e8a646b-8e6b-3398-a71a-c8e5f9d445ff.png,IM_9moYyKYvJ26a0aW
1eef2a9f-d0ba-31f9-8a47-2ed721bc2000.png,IM_a8CGVIBItEZ59Sm
3a956046-7942-3dbe-bfb2-fadf6ba734f2.png,IM_agbgZLqTDL711To
49aaada4-4f79-3020-a60a-0cb65aa66397.png,IM_esRxjptp84bl8Bo
54435427-5c0e-3bff-9351-93698e0f248a.png,IM_86szkZWjWoLFLMO
63ebacc3-38ec-3594-8bcf-6bcd36f61fb8.png,IM_6KDlVg1ppNPY0Gq
64d7c4e8-4399-3c0a-8151-7439223101fe.png,IM_0v00b4Q8FP0ryDQ
6c335e70-22e8-379a-a959-7e9cc3758ee9.png,IM_6JAuahUygdeumiO
6f978590-911e-3cef-a817-beb05136014c.png,IM_8wVSx0csXmOHmBw
7085500b-faa4-3996-9f28-c7aa9362fded.png,IM_aaeC0Yhhn3N1OTQ
72722375-409d-38d5-816b-73602b6afe39.png,IM_blMnMRqAb1Qhpae
78868986-7c5d-3acd-8bfd-4d79a25c9c3f.png,IM_1Ho5hXCqynxPvzE
7e99efd2-861a-3543-9af1-78a7f42fe951.png,IM_3f0tqd1ijHqM9LM
81fa54b6-90a6-307f-950a-4725635be468.png,IM_79bsckEo5PThd0W
89baa103-7e8c-3cc4-853f-94f0f5fd2061.png,IM_88nHliiAQOkVzTw
9047c858-36c4-3477-97f3-150aa5a6d35a.png,IM_9WtlB5jpk2FJ4Im
9df66850-85c4-3762-a3fc-d39ba7dc4f0b.png,IM_a3GZODZNjAc3PVQ
a5b65adb-a27a-314e-b454-acf0da629e5f.png,IM_etaMVjbZusCk4g6
adf05eec-390e-300a-b6b5-b4b9e07351d6.png,IM_9ZWvWC3O5HLh0AS
ae733d7c-ca98-3907-b167-b25d00fc46e8.png,IM_8kKkRawqKU1Xl8W
b0d54a72-3d14-38e9-bb9d-50c2c8967ca8.png,IM_40dOCtsbgVOaX0q
bde67e28-4e0d-3b19-9c08-7c60db0e0407.png,IM_51KT1ZVt8Px88Wq
c1c069c5-8498-351c-acda-38a4b96374c4.png,IM_dbDLHYvv5nyiHBA
c6901512-0623-357a-ad4b-6cfc70e9a3a4.png,IM_8qXOpavpnra51R4
c734c86f-c3a0-3df1-953f-39a117fc2a9f.png,IM_bfrywuvSVrMGeLc
d4e36d2f-5fb4-3680-b5a5-3a5b27ad1d93.png,IM_bHKEbJAIZlVSKRE
d5e8cadb-89b0-32c1-a95a-6a7c1b375b5e.png,IM_6u6VazRkPyOZ35Y
d8449d12-d23f-307a-b810-078353d50f36.png,IM_57uFS0EdP1GXyEm
d9e21758-271d-34d5-9600-e221f235f113.png,IM_3DzUGiWxmpoxWVE
dadea3df-0390-34e4-a616-69432a81a3a8.png,IM_8owRtH6sA4QqGYm
e6fb03ef-e6df-3cf3-80e8-4f85ffb4b6c3.png,IM_abBHjuFUxcTzFmC
fd574317-cdc0-3307-bf03-3a10c239c43c.png,IM_3K9DHlDhZ6Ntm74
00b4537c-2d93-3549-914e-9d7e4d74da07.png,IM_6MaeIgpwNiHNqYu
0ed77400-1f01-3681-a3ab-e6bd9ae33d65.png,IM_6nw0Lx8bdhKBlY2
14efabcd-1625-3ac8-ae70-05f94295b151.png,IM_aazaUcpScZrut2C
154a829e-4476-3ee6-a82d-b64a2a59b275.png,IM_b9jC3HE7zlexpT8
2db64a40-aa38-35a3-91da-e404fcbd5830.png,IM_5yykYe7BWoVl6ho
4e50ac23-e304-3956-976f-d9826af1438f.png,IM_06PffvQ95rBMqUe
649f5279-c4da-3a27-8db5-a681a2891604.png,IM_cAr6YNOF4WSrn8y
65295325-a353-3635-82aa-54392aa280a2.png,IM_8JqhxrUsfGhtb5I
6b6ea714-f89b-31af-8439-3f51bf424368.png,IM_2ie1RFPN4gQy9CK
6c8a9fa6-d54d-3b0d-b93c-e540f58ec22c.png,IM_bkeH5ceZ6ADYO1w
71c4e968-f4f3-339a-b7af-000a10c8a078.png,IM_2sDhXOggyk07vwO
76397b90-dac7-3b7a-994f-d42245c9a9d5.png,IM_bkf4GYwxSbPMpeu
774439be-cf86-3c2b-8cb6-2bb0c65a06b0.png,IM_2gGzox4MtwH8MfA
8592b087-cd10-3cb2-bbf3-23ad2d685dff.png,IM_ex0bEAAMQeTlGPI
9083f249-18fa-3bb2-9685-ddc9c9820663.png,IM_eXN1pamxjOc2dX8
9b66a4fb-895c-359e-a311-67257d779a9a.png,IM_9pntp1jwzJ2pni6
ad0cc4c9-a30e-3b44-a242-8002922444f1.png,IM_3OeM5UzJVWIM2Ts
b89e556e-b14d-3a71-a708-113d5f3ab3d2.png,IM_6LqzoKPfrFdNs1w
ba7d383b-4475-32b1-8859-f27904e5954c.png,IM_eM17bcD2wiFBMdE
bcb9bf49-bf09-3f5e-8a1f-1ef00ef568d0.png,IM_eJ6X511ZsgcK4m2
ca8af1e7-babb-368d-9061-42ae93478db8.png,IM_b9R8qoXbx2S3mxo
cbcda073-4232-3667-8eb8-64cda654c1b4.png,IM_afX2PK1O2RvF2jc
cef264dc-aaa8-395b-948d-ff9850483c3d.png,IM_cHYJZunoguT6uCa
d1ee7165-ea65-382c-b36d-95fcacbf4d5c.png,IM_8dLdmerytxOZpuS
d3881136-5aa4-3885-b45c-b3a72c81ba41.png,IM_8CxKq5KSuE2fUd8
d6f5a691-d824-3553-ad12-b8c024fce578.png,IM_7R1ci9phtgnOTA2
d7a8e91c-8e60-39f2-8dcb-1535a7d5c730.png,IM_1FDLtAHZ6xNGmy2
d8050222-2f20-3abc-a445-f7101f2cb20f.png,IM_74lrvv2ANsDC9JI
dbbf053a-20c6-319e-95a1-71ea997876a6.png,IM_b7S9vGcf54Svem2
dfc0e685-0793-35a5-bf49-d52408a21ef7.png,IM_3KwNtleaYYYGto2
e1ddc28a-1904-349d-a53e-f75541743046.png,IM_3kqVKKMFbbGlrAW
e27b005b-6eee-33d0-9dbb-065866831b1e.png,IM_1EPfMuLfnWFhpUW
eef760b9-c4f9-3992-9e53-f4785d3ebb15.png,IM_bK7BuwiIXqcxiMm
f3fb2a22-e2b8-3232-a826-2b6e5ee1fad7.png,IM_bKrDpGm0mJq443c
f6e1a7a3-9c79-3a51-a16a-eeb3bee427b9.png,IM_0fkmyk7EZgqoIXs
f793f445-6fb5-3b72-8d80-b96938c450ec.png,IM_ewYBqKHyhjTNYXQ
058517e8-05a8-3ef7-bbca-11e23b90139f.png,IM_7PSVbfzzNLDnNfU
12c8a0c7-85c4-3881-bedc-ad1581d3645a.png,IM_bkC0DNkTG5c4rEq
15a44da0-15cd-3688-b82d-6437c20dd568.png,IM_daMTqatJf45hxOe
1ed70f93-46ef-33cf-9202-a221a5ef0df7.png,IM_0erQ51HvqZpkejk
2ab2af60-9513-3c37-8d60-0c6f5d13f659.png,IM_efZ1WvxkImb7t8q
30e267cc-ce98-3bad-99ef-6f4a913d9b8d.png,IM_aWTwPB0bNUdEXky
387cf150-7674-35b9-bf6f-241ac5cd0675.png,IM_eWhVXidz35ay3Fc
44862298-cabf-3778-8968-309346e60766.png,IM_0B2ZMLr17oyczno
57c746d4-b776-3426-a9fc-9bbf9049f11d.png,IM_aaP0t9FYDLnarbw
696b8e30-f35a-3313-a4e3-c38a57950b9c.png,IM_9YnZ4H7iP6bIKG2
6acb3ddc-b297-32eb-9084-b1b0d46e0849.png,IM_1MqwRGX3Kty86bQ
78b56d48-6162-3085-a29c-2a783aea3293.png,IM_72kQfQERW5CH8YC
803858ea-4d07-3269-b3cb-7530d6253e15.png,IM_7UQNit1bbFQTnBY
81eb7c69-2e98-3d1c-b778-0891d033209b.png,IM_6W3lJor8YInvvAa
88b15ab4-f2c0-374f-8455-503af1b4bd6d.png,IM_3w3PXqroRKriYDQ
8ff6f829-26f7-3f2c-9998-3dea5e6b5df1.png,IM_2rX0hVsFxqN6gzs
912f8c84-f0f8-324f-baef-90879b239401.png,IM_8wb62Xj8KKBVXgy
94f28e96-0c53-3145-8bb4-812f45d61658.png,IM_0rDjQ9MP8DUcBg2
961fcf77-369b-39e4-aa50-5a78ac51f1aa.png,IM_8Brvr4DzGkoTaw6
a022a01d-80f3-3aff-9564-c394c766116f.png,IM_3mcC2TIynm5YrP0
a9a9d183-2f0a-3670-b284-1eae8ace9d10.png,IM_8dCOTamddP7azxI
b1ed96f8-be41-33a5-90f6-a1f7e5b6e725.png,IM_833JcYovorw6DvE
b496d5d2-1780-3823-89d0-3476f1cdb561.png,IM_5b831772CDJI9cq
b8923ee4-d2bf-3a99-9656-d35ded17c35f.png,IM_1LDzt4plmeWO1sq
b8e5cef0-92ac-3f10-b0de-d1e08c1837d1.png,IM_1ZbOQt4Ar5T00Yu
bbb199cd-4f3c-3595-84ff-6cdec57ac5ad.png,IM_bx8rQHsNkfzbsyi
cfe4e5ae-638b-31be-9b68-790923503187.png,IM_2aTQ6tScZQndRDE
d4890ebb-f170-395a-88ef-5fd099a7a343.png,IM_czOzwlPXBOsO6Ts
d4bdcc90-fde1-3aab-a677-4e883019d62b.png,IM_2sMfeGbKSR5Fy3c
d521335b-0daf-338b-90fb-c7d8e356a954.png,IM_0Mwey0YikFD6tUi
d5f6c3ed-a64c-36e0-ad1a-e3cf88ca21bd.png,IM_e4cwmdcLeMaLy6i
d77b8607-5081-3298-a936-bb2d62b3e837.png,IM_7WDV9el2qNsmtT0
dc5e4b5e-5361-36b6-87ad-e00b253d7257.png,IM_9ET5icwxWMRvd6S
f44855d3-7c33-3d98-b9f7-fbb92b4e45d8.png,IM_72mv09I5ShCOAF8
f65ce3a7-d573-3e89-816f-ef79daa066cc.png,IM_2hsLT7384N2R0IS
fbf947d9-b6df-3cf3-a3f5-a7bc5935786c.png,IM_b3CGFbdoxgepJxI
04f6a1df-837d-3f73-9505-0f520235b6ca.png,IM_6S8wQj9iikT1DxQ
051e1651-27dc-357f-8899-2f2da9d8a5d3.png,IM_2lRyRLnoMIOnhVY
05829008-bd7c-3768-9848-bfcc4363dc36.png,IM_8IE3Z3WcsXqsieG
05899802-cc05-3de3-93ce-c8e43cebfdaa.png,IM_4Mfk0pFG1lsatnw
067597ec-e96e-3934-8d3b-502312a5451b.png,IM_7a2cLX8aQlxOZ9Q
0c121e81-3805-386c-b76d-d55d49769c17.png,IM_1XFdYuzAvrqPFWu
0d6a8aa2-94a0-35a9-93c5-f929d8c2c47e.png,IM_6m37EyxNnHHfsvI
13120845-d75d-353d-95bb-1f178cf29987.png,IM_aiaH0V9iNfykqNg
1c297e66-16ed-3a78-8f55-f7a776d84322.png,IM_7TK3Suy3tKOYG9w
1fbfe950-45e5-3182-a44e-6e7ddcb721a4.png,IM_aXgKiWTuNK6RSBM
448a6b00-d862-30a2-8732-94f1d0c03d76.png,IM_8fbjrDi7ls9wWuW
552474f8-af23-31d0-9059-b29b1e8c3562.png,IM_38HWbtdJmCOTt4y
5ef88c7f-767f-3724-856c-a895d3b15e1a.png,IM_50ctce8AmaKaXuS
5f6122a6-270b-3f3c-963e-a848d45f527f.png,IM_3ackke2EM6vUyy2
74333b70-c9ba-3ca4-88c5-608333e49d57.png,IM_8ihacgfVFOxvIc6
78142bdf-0c50-3ece-ab34-3ee06a5f892e.png,IM_eWMlQAN9EweSTYy
7e50dca3-3153-32a8-9d88-0148e509ce80.png,IM_6JoFp28js0ziHCS
8787071d-d911-304b-9129-15d13d520748.png,IM_3jBS3fq317lwM5g
878fe265-12f4-3e04-b9e7-84e4a6150a73.png,IM_54toEkfPuVHHYJE
967d0094-cfc7-3d12-bc01-1b453cb4c627.png,IM_6M3bWWa3A44AFPo
996a50c2-13fa-3672-8875-2b076ec0086d.png,IM_6hfa6pGCCXKI9im
9b0a3862-a104-3fa8-a8b3-636daba67d54.png,IM_eeQOh4CH8HrS0S2
9c5d299a-9a79-3e57-aa73-ba994285c245.png,IM_00LImHqTzpDAXsi
9e97aa43-c18b-36cb-b457-1016a193c1bf.png,IM_6zij07cmE6MD2K2
a393afa6-3690-34ce-8b26-b10da11aa857.png,IM_6X0fHmQGIQEciOO
b6ece2f4-f0fb-39ff-8ec7-4b2a434c869d.png,IM_9NarK2KtwmMTDeK
b8ed689f-38f1-3e71-a508-060cf7d62eed.png,IM_9Npbzb2K1Kzv61E
bfe134a0-7b01-3350-b428-7052f4d25e7e.png,IM_6XuI5T9FE6MpRuC
d07071ae-d299-39a4-9b50-3cd7e2183b9d.png,IM_41U1EBE6utp5kQ6
d596c073-fb44-3900-9c66-b4de5571a851.png,IM_0jPz3204qOIEEfQ
df31edc9-5bb0-33b1-9867-9156ddad6f7e.png,IM_ehAxhioQL1HAAiq
eb28af5d-126f-36e2-8e62-15cb4bb63da7.png,IM_4SZF3p1DXYAsTpI
ec37696e-1d47-3b8e-8e2a-3a5dcd5a69ce.png,IM_bpTZeADcb7y0YWW
ee109de2-04e2-3a11-b453-f3b2e0b271b9.png,IM_6fEPO5leCETDAwK
f90ee620-ef11-3ead-9d1c-118b881b7276.png,IM_1YZhx29D2PeGHm6
f93a5ed5-a988-3270-ad7a-058940947011.png,IM_cuOhGQZEj0hiMtM
0738924d-f7a4-39b0-9d91-2f7029a227db.png,IM_3Qz53o75Y60tEYS
16bb2e37-6be9-3895-9b94-0f3f699aaaee.png,IM_88sTch8DaB5mufs
18207263-2e9d-3750-b22c-fa4f65c0bbe3.png,IM_1FeZlRVZj9kYK8e
1d998b59-25ca-388d-a959-6c979af1f2da.png,IM_b3qV9SHiETWJnz8
20cbea87-b08d-3c12-8047-726ab5ad73b1.png,IM_d6HRtfzFRAAYNbE
21163333-22c9-3ebe-964a-8e9f572e0bde.png,IM_8f8q1hFuUjOeNO6
21361473-910b-36e3-a13d-25227a8c0337.png,IM_3VE0HCSTtczdzUi
26d9ed65-e778-351f-acb6-c543c6f1993b.png,IM_1Syyr1UVrlIQf0W
3148f291-a48e-3372-b358-3234adfb6b39.png,IM_bI45bCU24oymZwi
4e9f9feb-0aa3-3aa7-8f6d-739315094b32.png,IM_57IUzzrVG9TJMzk
51f9dacf-87ba-35bb-94c7-5885f16c3e1f.png,IM_ePRqiNGdYvGEXOK
6092c4b6-7064-37ae-b9a8-eb3632624a3a.png,IM_736Xi6OS1J1Ut3o
6131b946-c77e-3675-ab95-cdc389f54d91.png,IM_019PfvECD7vN3g2
676d938f-6e48-3c06-aefc-5fedb7990f12.png,IM_3z3vsrlYTWVPlqu
67eb9ad3-41db-3f85-ae30-50bfea06bb21.png,IM_79BBzD2YlQGV7XU
79412d21-6ff7-32d4-a4fc-838bd399a272.png,IM_0uKsDOv7HiWimjQ
83538d98-3340-3e38-aa17-fdf1c61183ff.png,IM_3rzHqt5O3vC4e3A
896aca83-ff7e-3877-be4f-ba285d51ffa5.png,IM_d4Ivgp8dAh8XhJ4
89c8a6ed-d7dd-3ba1-83ef-20d933031225.png,IM_bkZts3YbBtP0vTo
92ac59eb-b686-3b90-bdf5-bfc40ca0b3ae.png,IM_aWAkJWTAI7CUAN8
9869b35a-2252-36e5-8db9-f5d537c1190d.png,IM_eu1A4jfHGPoSa2y
aaada781-9e6d-368d-85e5-2e3c59d3bc1b.png,IM_6VfZW60eoY6EjOK
b62baef3-89cc-324d-a809-4babdfc7bb6c.png,IM_799ZFCKJf9XvCMC
be8a08a7-6acc-3610-90da-7e3ffc34cf0e.png,IM_1EKln23I0Ku2Qyq
d2bec911-7059-3afd-a2cb-742b018c9665.png,IM_9N9o8qjdAr047S6
dd2862c9-dfeb-3dbd-a2b6-53ac51650ef3.png,IM_3PHaDcSjg3rDP3o
de433df3-20ae-3a7d-a81c-d4a069873baa.png,IM_egn8vuAxkAWtdKC
e625facb-a195-3b15-968a-51fc6be34980.png,IM_5i4o5IEP4q4FZVY
ea3873eb-9f2f-3a44-af58-65ccb0cfe66d.png,IM_08H9dmLp0A9ffwy
ed1565b0-523c-3f26-8ae5-7d9d41520b16.png,IM_2aRgxHiBNGaN5au
f1fd1c47-0700-39ab-8c54-b6b19c46f879.png,IM_d7mhsPmfJ0zk1N4
f28f15fc-16ac-350e-aa44-c9b4a89812ec.png,IM_555yjGYI6CiBNIi
f5017654-8a32-34cc-bcbc-cd7e2768be21.png,IM_1XkExIapQ6Oiefc
f65a1de0-401f-3fc8-b200-575391a52d0e.png,IM_eeQyLyziXWFEWai
f9cd388e-5dda-355d-a322-0fa8f7394942.png,IM_6FrzTrff00srkz4
ff93c6b2-57d2-39b8-951b-e9f671f49fe7.png,IM_0P8I6sF3H4UIMeO
0355a627-6c60-3aeb-aeec-caef49824a88.png,IM_bqoZFhcP7c3rRKC
0884e667-5186-317e-b3ee-bf6c420afc97.png,IM_b8cDjAcXPE5l2lM
16bf108d-c310-3965-9390-01b0d567961f.png,IM_0TBsdQTcX7Oa5D0
1dea76c6-0b8e-3293-917c-ab38fabce4ce.png,IM_bsJUmupsKpmr6Sy
26e8a6ca-f554-3bc5-8728-804d2e6a42bf.png,IM_dcb4hZ63cTDpYNw
2757a526-8650-3c8b-afc0-a4f9a4e5a407.png,IM_6sCe6WUIaDLSWH4
353b48f2-5aa0-3ee6-9271-28395f0d1833.png,IM_0OHb6XuTGIdbCrs
49c7a5e6-1ccd-3704-93af-66445926e70d.png,IM_br5DegGbKwPhUDY
4a673e33-8eda-3410-a31e-4426f78a1099.png,IM_eX2JL5HwTsAM40C
5b29780d-f1fa-38a5-afbf-b725a0b75d59.png,IM_1QVD2TMqVpghwh0
5bfb27b8-4522-38df-ac1d-9fc5b6f4abbd.png,IM_8e5sZNxkkqHTst8
65b93706-b1e9-310f-b91b-fb72ca2d33df.png,IM_5BTticaJTNnDDWS
667775eb-2361-312a-a35f-882c6852b311.png,IM_86vR6tKOpSdnZzM
676eda29-7e0a-3130-86f0-2a9c12b4e817.png,IM_cusBZYdUOSoiAoC
6d3d4655-8300-3630-85b3-0de386a9fabc.png,IM_77gzP8ofvgremi2
750979dd-7d74-3c50-8c53-e383488a7445.png,IM_9vsFuAJf2e1tzOC
81f7bf72-e773-3357-8865-11b51c17cff3.png,IM_6PWe0Fy8ecYeln0
8ddcc6e0-13c3-35a5-9a3c-59b2543a634e.png,IM_9QPxdfe8PZSiSuG
94902aad-2947-3c6b-8089-ce1cc2ca3831.png,IM_cAVQ0FzyzBcFQQS
9aea7e0a-3afa-3c2e-9f79-162b37ae4ace.png,IM_6LvNmO0Xcog663k
9c90d246-e0ae-398a-8b90-fd68fb8c59b7.png,IM_cxbW31Bj4FlRh3M
a3e1178b-dae6-3e50-bf52-2e871b42c290.png,IM_cYoRVRwoL9qjZDE
b30584f9-d16b-3a8e-aee0-470ff5628f0b.png,IM_6s20NBQTBNj6Mse
b87efe55-3636-3d37-b6bc-701f48625168.png,IM_9SU4GeDOXl0rv1Q
b8d04c1f-72c8-37db-ba85-351c52036129.png,IM_86LTdQoM0FTgi0u
c359021b-5a0c-352b-9bce-5cc4f0868493.png,IM_25ngqbPzqCCidgi
c3c38d01-4f9f-37c9-92a1-c3d10f174a15.png,IM_07GhFapiIRHUYoC
cfa868c6-0df1-30df-9983-6cc193006102.png,IM_bybRh9Fzdw5c126
d0f56105-afbf-33b5-84bf-f182c0d6a8c2.png,IM_aaxa3yw4sAaUFls
e2728ba7-72fa-337f-ab80-91ab5a2b7097.png,IM_3BKcTimB0odQVzE
e4b34511-945c-3ff8-a2ed-5673f5b5ef36.png,IM_3V0kgC5WgMJME18
e982c761-4b7c-38ef-9d4a-f1ff79457c6e.png,IM_4SFsGHPJvzu73HU
ec0e56a4-a9e7-3e3f-a195-83ad45378191.png,IM_8wZ07OL0VRQWXhs
f78e088e-f0c8-34d8-946e-02fa273e7522.png,IM_3OeBMBgBFDZ3Xjo
f9c68b3f-7bf3-3f65-a9f2-4c84126bef1d.png,IM_2sBTuiUXwLAMPBk
ff105c41-e4a9-3b85-ab92-299dc228ead3.png,IM_begbMZoA7dumKWy
1701af8b-cbfb-304b-b95a-c260fbe93500.png,IM_1OkJckbiIk8VV0q
18c9f005-d89d-3994-aca3-bc11024ad33d.png,IM_0cBKQug9TfpyufY
2456882c-97f1-3584-bade-eeeaa8dd652d.png,IM_9QSwU59zNQM7Aj4
2bbec485-098d-3e7e-afc8-b0e9fed2d1d2.png,IM_dgRkInRuPKvBeKi
3b3b6cd1-e14e-383c-b9df-2ea61ecc1680.png,IM_9LiVl5EDAaHHGku
3ce4b1e8-8b15-3a61-926f-eb47b5801eab.png,IM_b45TOnpx731ppI2
49f41559-ecc8-332e-bf11-854de4fa6281.png,IM_5vyyAG95xRGULD8
543ed41a-3e7f-31ad-bd4d-15b882d4b4f8.png,IM_3W7cpleNZ6YraOa
54953aff-d3c9-374e-84fe-c89289199ce7.png,IM_4ZOPfg38ZplgVyC
587e8447-0319-3f5b-8a38-ee6e792035f9.png,IM_73uEfyLpKtoGCRU
66c2864c-50db-386b-955c-c3b2216cedd1.png,IM_0DJPCVl8zuuhXoy
725bace8-bf41-326c-8114-38cde12833b4.png,IM_9BsTCQeW8D90qJU
78dd652c-af56-3724-9f14-973e9d4a2a8e.png,IM_1BV3N0z2tMXjYge
80a6e2f4-7869-33c9-a3af-0bf9dfb4ce79.png,IM_8CdPYAoO32U0aJE
83d73d7d-e571-3fd3-9400-73f973669d6e.png,IM_09sfdj8xD7j2bmS
8506d2f1-970d-3d99-816b-ddd3a68e028a.png,IM_9mZmQd4mOIT3GKi
852a7424-8ed8-3a60-8ec8-f4f513ce3bef.png,IM_25MQ9BiLEYx5KDA
85de1627-2c99-3302-8e52-63981f3a57f8.png,IM_b1xevQ2R8hH6TqK
872293f8-2c36-3dca-b31c-76889cd6a9c7.png,IM_eu4opto162tjqAu
8c749852-4efc-39f2-8089-a41c5b70539b.png,IM_9Ynmq4lRB7KqsAu
8d08b7e6-ff3f-3ae2-b016-eea1f356b3bc.png,IM_3jwhIaTd0mvdRpc
970bbf8a-61b6-3f49-8153-34abf5d08522.png,IM_9QXRCmCpdwvjhVc
abf87a4d-53af-3a36-9aa8-bde04fe0ad07.png,IM_6yZNdmOmhJcy0Rg
b466f43c-bc91-3df5-8a07-f25b8825ec67.png,IM_6lP2vHkHLoJWbbw
b5d6a1f6-d98d-3f9e-8f72-ccd8e7414db7.png,IM_6VyXam5ArDzF2mi
bcf7ae93-a5aa-3185-8ce8-158cc6ba54d2.png,IM_2bktfmw3dhHMW22
c03ffd32-46ea-3f43-bb82-86bbc5528bf4.png,IM_72sxPeSNRHK1vLw
cf02f92f-320c-3cc0-9d1d-e71c51ac5fb9.png,IM_3JIXLTy75FL6zSS
cf628216-184d-33b4-8ccc-dd2344d81b11.png,IM_cTPy9CIzs0p6RLw
d2f2059b-d21f-3ab6-b2ce-c20cdcc6850c.png,IM_5BdnO1DYpmTE2Dc
f0a39a7e-5ed9-33e4-8276-227e12fcc0ac.png,IM_721PsLiut7HKOIC
f0c85223-967e-3ffc-a4d4-85eac3f44851.png,IM_8IeML400EChboAC
f736ae30-8f0f-3693-b5ee-28bda05213f9.png,IM_6MxyknndY9IQiPk
fd561ce2-868c-37eb-9b97-3885d859f587.png,IM_0AsLKmGpbytT6RM
ff1c3cb2-08dc-31d2-98a8-66d37fff7e0e.png,IM_8IHSwsE8TRUehAa
ffb24140-a290-366e-807e-1fef6d608ce9.png,IM_6RPqrWOpe9wQpiS
0437e6b4-c55e-33de-8552-45802d4d19e5.png,IM_bDWO1VlhhXmAaa2
0683e311-7c3c-386c-9800-13866372cd75.png,IM_6z1aGPyEnuBLcxM
200cfc90-6089-323b-a167-dbbd0cc710ca.png,IM_7ODVnsuuzXSDLJc
20a1704f-c2e3-31f6-87d7-3279f464770c.png,IM_aWXR1z36QqtrxJk
2512d384-58d6-33f7-82e4-6b5f3cf7f630.png,IM_5dm105W6Nt7Ti2q
256fd4b9-fc95-3809-820d-d88b090fcd59.png,IM_d53tSELwPzy90Nw
286b6b0f-709e-3ec7-b3f8-278dc48c891f.png,IM_aXCQ1U4r3MeSRF4
2bf86a8d-4368-3c9d-a274-ab76961bd87b.png,IM_55VKv8FVTGUtaei
2ed7b22d-527a-339c-8ad8-657baab5fe00.png,IM_aWzWENsnKxhY1xA
3433fc12-558f-3132-8c74-639b9265ea05.png,IM_cD7vw8y9urlPr1Q
3d9f8c14-c500-3734-a462-9c4b2e81509d.png,IM_55cAof13J2TAoBg
4d382b46-bc74-3774-80b7-46266080a1ff.png,IM_cUC9W2JCFCkngc6
4fd5406e-ccb4-38f4-bdb8-0dbf6bbde88a.png,IM_3l2T8WBepXfQGma
684370ab-3dff-3dac-a277-98470bc91ec3.png,IM_9mgZAL4ygbds5Dw
73f09b2b-c737-316d-b113-b64d95f0834e.png,IM_3W1Dzlzjge2kmzA
7a4f68db-6cb6-3851-bd49-7a8cfd57450c.png,IM_6tAOk7YkUx5SAlg
7a7c631e-6bab-373b-a235-678e7aaeb671.png,IM_5vAENGsvuv9kdAW
881706f1-abd4-3556-bbd1-bb157ca1cd65.png,IM_cSByLZBrLavreg6
8d988d61-69e3-3aa2-a212-2952ce7021c0.png,IM_71dXWIYqX28Wg7k
9ed69f4c-0e40-36be-83e3-ad4ae1b3c73b.png,IM_4TT9SoU9eT9F7jo
b1e4c516-a2bf-351e-a148-5db69d81bcc7.png,IM_2mGAmPaFXCoTFpY
c169fe6c-f9b0-3669-97d0-f3099665c85d.png,IM_ebQR8qY6z5gXHSK
c481a444-1f59-394c-8b2e-1565656c6656.png,IM_5iqDrb4kFvUnIma
c6632ec2-a6cf-3e53-8db5-f41d274f6989.png,IM_4U8zVS5EZNFpiJw
c7aa372f-dea1-3e0d-ad2b-b98ce8afbcd3.png,IM_cSYRJpQgPbfwG10
d1765c90-f489-339c-819c-1aaef99d84ca.png,IM_03zkeigeRE9tsfY
d1c3b30a-2459-3479-92b4-a8c7d87cac9f.png,IM_cP8skBnalVR97ca
d39b4083-cd60-3d90-95ad-7e5341e840a0.png,IM_etSL4wRKQFaToW2
d8978c22-6dab-3716-8bdb-4451eee97a93.png,IM_cwlxoAuQSPlijBk
da3fc739-5932-3a3a-bffc-ff3ca3d139be.png,IM_0iWy73KZi1dyjdA
dec18c11-25cf-367d-8958-4b30357d57fe.png,IM_0lBJ7iYH81a2SXA
e91aff59-541b-3d35-8994-8e9536deee2b.png,IM_0VOQnTJ6SIbD5jg
f5a56db6-560a-37a1-8687-95f2241e4764.png,IM_dnESVUKY8McdEOy
f791ac8e-f31f-30dc-8457-20b2c3b32e68.png,IM_bO3ehIZIyhDmIXs
f8fda74c-446d-3073-8622-fc14f3a31462.png,IM_1GhMfPdRyqq7eV8
fbd72f67-d486-3fd3-9255-e6b6f66da151.png,IM_7TLnomzvJCMdc1M
0300ba42-d59a-3e12-8525-045fc7952500.png,IM_3JIJAsbOF8akoPY
045367ed-ed78-37e0-afc0-0f07e5aed8ff.png,IM_7WWH2VNWlCX27sO
04d5576e-7bd2-3965-8ed5-9ae2e02564c3.png,IM_4PhFxR0Oi4hlbaS
0da7d447-ea59-3ac7-ab18-919332120782.png,IM_1XsU5KkCNch0P6C
18ed54f3-68c8-32db-8a3a-ae81ee71656c.png,IM_6llNSU7WNxn6QVU
319555c6-68fa-34b3-ad1e-101ba5f62bde.png,IM_ePdM47gBuD9Hzym
341516ea-011d-3c3e-9913-5f48952b45d1.png,IM_cN5B2Qyvl2p98yi
3421195d-2882-39dc-89ce-382c7f472076.png,IM_2i2lseF4Uho14Am
4545c726-62a4-3810-a284-0f586e5118cf.png,IM_6x3SkObi305Mgqq
45adcddd-3717-343e-869f-b104ca37d3a8.png,IM_02uxOgQ9zKqvRxY
54684e96-a474-351a-a58a-cf80b7d341b1.png,IM_0jpRuQNHj9w7n3U
5d49cec1-33f2-356f-84d2-81940a60de70.png,IM_9X2e1QDTO8xBN6m
67ba1be9-3b48-3791-88c6-c44edc81b813.png,IM_82Ea56oMSrZEfGu
6bfe964d-8e05-35a5-bc0e-ce08f4ecc7a2.png,IM_a9L2w6lU6US67qu
6f4207b9-064a-37e5-9a87-869398a7c0ad.png,IM_cOMlpi5FmHn0tIa
78a90800-1380-3b4b-b8b7-04f3e220840d.png,IM_a3FrZfRFnCYL4CG
7bc595ed-8efb-3739-b977-1c004eebabb3.png,IM_07ogVR6cirLbrgO
7d0cbba1-25f3-3982-9f22-40b916c0fc34.png,IM_eIIfB9EOit31YWO
821818f0-33a2-3ad0-8eb2-b35e44fa68db.png,IM_4Sj5pPexNFdS8OW
868433f1-96c4-3c61-84e3-1afc536c51bf.png,IM_5BYHUsWXdBZfCFU
88c8891c-99a5-3f07-8be3-51afb5824eeb.png,IM_2mM61ZMkVbB6ekC
8e138c95-41b0-3bac-b376-15ebd6dbcf85.png,IM_e4JMUutqru1E6hM
8e34caa9-a19b-3cfb-a04a-2ee94b0b0647.png,IM_394MaXGR00nMzlA
997cf3c2-7acd-3877-a726-468a1412acc9.png,IM_dgLEwD89RRq0T2u
a62a39f7-f025-31dc-8622-afdd3aad8d57.png,IM_0JIB29JlPzIDmqG
aa536ba4-a9f3-3d0f-bdbc-366ef6be8308.png,IM_5C5wDqEQSDak9XE
b19e460c-ec81-3398-8366-a36a0bf106e8.png,IM_2tukNiDcu7RIyO2
b83f5b44-55d7-3c5c-9f24-1183e7cf5038.png,IM_8IcjEYi0nMWBW8C
c9dc0375-538d-361a-81c0-ab4b14d28173.png,IM_djnMmcJUEv51wSW
cbbf7330-f2bc-32e8-aed3-05adce9e4c1e.png,IM_bNq7x2nJIqTGWkm
de3520be-c8f7-3780-90ca-ccea905102f1.png,IM_6L1WMZTJhpc4mDI
e7169991-9f12-3b03-b925-7d72ad65d970.png,IM_ewyqsG2rWHPIMx8
ee4a504a-4ba1-32c1-99a6-4d93d7d292c6.png,IM_5BY72H0ULkeBr3o
f4a539a6-20fa-3c2e-b0cd-c701042e3272.png,IM_2mEFmGOnkrmdMdU
f8f56c0d-a4a3-3deb-846c-3acdca1b80ea.png,IM_7PcuODx8PN6WFqm
fed02880-3db5-36d9-ae2e-151d129899a8.png,IM_0CWeK9JM4pwgsCO
07098b73-9566-3441-bbe0-d582734e6f04.png,IM_bl9IlZFtQ9atRlQ
0add54d2-d7cc-3094-b5ae-ea39480413d2.png,IM_1UiMko6lNFzju2a
145d50eb-5eb5-3310-98bd-bca1c2400161.png,IM_5jyURlaqDkdb9T8
184fe8cc-073c-3f22-9931-0257b7867351.png,IM_6VAiJ9D5pfWqOnI
1b91be32-23ed-31c2-ab12-eb129dd021a1.png,IM_aVv3BCfLFFAVCmO
214e1142-994c-3d25-ae96-811aee185c17.png,IM_0dYKcz2KWrA4nzw
2a98e0be-0940-395c-b313-13d422138593.png,IM_6W1N6sPt3ctKKKW
3c0d326a-4087-3d73-b626-568b81291600.png,IM_bwpSaWFquBQx8x0
4317e0a4-03b1-3138-a559-32fdc3fb051e.png,IM_eVvHnOoz8JPjbPU
470708a0-01fb-3621-b943-36c45e5905bb.png,IM_3yEalCvTNv6Ke4S
6640cb69-c0ea-3c4a-99de-b18825e807e6.png,IM_5bRErGHHZpyNE9M
69fc54f6-e2ae-3a1b-9c9d-835ad10ea697.png,IM_3WARGBXxvlwtvBc
6aa01187-d7f1-3348-9ac9-cb8efb10afbf.png,IM_7PQhcC6ZaWHbZps
7244cde6-f3d9-3251-87e2-549961d6baa5.png,IM_0iThlntzzePL2ZM
8b9172b5-42d2-3550-8db6-ab436f36981d.png,IM_dbVC58Y3I9deB7M
91521f6e-3562-3bf7-a888-a13907e36ff0.png,IM_6gtZDAyBe6qoB6e
91c271e8-421a-38f0-9791-096e13d11447.png,IM_71BLqpZpiEJPR0G
922cb4ad-4afb-3cff-bc13-666e2f27960d.png,IM_79aaLtKCom3AXJk
9b08b5e0-6a90-392f-92e8-b37b649c08e8.png,IM_9oc93W8vAHpSFaC
9d855443-e4a8-3324-852f-eeb829259b7c.png,IM_8FWJorR8iFItvLw
a41e0a05-5a0b-3ef8-b3d7-4b9a5f7e72ad.png,IM_cu9JiyiedtaBUGi
a6f1a234-3ae3-3c1b-9456-513695c665cb.png,IM_9pD7HtK9ZwicjL8
b0a98996-a686-3e01-99cc-0e29f405fbab.png,IM_cvYscS0f2nV9uT4
bbbb5d4a-32a3-3199-9556-fa255490b2fa.png,IM_emI8Ggu3YszAxvw
bbef4013-74dd-3b87-9fd3-12d8a79fd955.png,IM_9MoD0peEVNlW8aa
c7b59c50-801b-3b65-88e6-0947161b5767.png,IM_8euS2HpOLVaGrZk
c7b88243-dd05-3a51-873a-2890717100f7.png,IM_88HU5wjD2enlLyS
ce96aa5a-3768-384c-84dd-30425871acb3.png,IM_6AtXcNzhc0XDsjQ
d02344fc-0c13-31c7-8d01-242883206a01.png,IM_d6IPMcLKPUuNMGO
e0136f0a-fe43-30b2-ba21-c657d9149f9a.png,IM_b1mbJ9pMKtL50LI
e46842e0-4bea-328d-a511-9adb63316007.png,IM_7af3lR6IBStaYdw
e9c833ed-5fb7-3de0-8bf4-0f96b5e4da10.png,IM_2b3bAOMNrvttN8W
eab19484-e2b3-3094-b6f2-637e25ec9aad.png,IM_9H9hri8NMYpCLNY
eb96682f-648c-380a-9a89-12a27c051657.png,IM_3EojPBnWQzyxtNI
ed48e5f3-3617-30e6-94ac-b988572ab766.png,IM_bg4fe6svcfBYko6
f476c4ff-ca7e-374e-8221-da49fb95f688.png,IM_5hgCGmLpQIa9E9g
02d5747b-d2e8-31a6-8f2e-75f8367dc6cb.png,IM_bOUBngIKHZmwuCa
19fe9282-abb9-32c3-9439-6f046fca29b6.png,IM_9vpWSakQBwbOuCG
1aaac259-9c0b-3071-a4d9-2953b028c7cd.png,IM_6Yk8GoBTmZiGiQC
1ed60af9-b43a-3bd8-affc-82023ca6da20.png,IM_d7ig5VHLQL6we8e
20c9c18e-ae24-3009-83b3-27c9975f4616.png,IM_81HqWTUXhNpjAt8
24f6d1c3-a038-3bbf-ab3a-ac6a3d22df3b.png,IM_6PZlfZjcHk9sUyG
2c1c28f7-7b3f-3fb4-a21a-e5017b35b8f7.png,IM_3jTOywbrWYnvdt4
2f7bad5a-9b04-36f0-b329-c3dc5634fd75.png,IM_3DlCLZ9CuasdLN4
3a45a25c-f123-30bd-9dd4-5036332636c5.png,IM_cCsrMSwSmHGylOm
4420072a-ca0a-3f3a-a0d8-3eca326e37d7.png,IM_6mOEf71Ay6gngF0
60781e5b-92e4-3bea-94df-0976f0a1b6ca.png,IM_8dCBnmXFHwjlEs6
68bf4ec9-5b1e-3225-8ed2-5ac3dc8d0943.png,IM_b2coe92Hyv3xVt4
6e57a0bc-da46-3557-9c82-2ddb11dba7e5.png,IM_b2fCWG0y8xKuroG
793a9e06-69d5-39b7-8359-8f447106a829.png,IM_0BuH14laYJCf8fI
84600404-2812-37bf-8ec1-f43b6cdc7645.png,IM_3f2nmsoss6cp046
87968862-fa8d-372f-b12b-a041548823f0.png,IM_4HInSKNtprlpe4u
8fa47425-daf4-3ad4-80b0-f0e6e0d518e3.png,IM_9toXeF3v1uqChiC
9379531e-f639-30b2-82b6-463cd5731543.png,IM_9pm24qX4rHwXeqG
95067963-47aa-3355-b350-fcfc09f4a424.png,IM_eerwkFwN6r9bRv8
9a55743b-4f66-3454-91f9-108c6e73b29d.png,IM_d7lyOQawTtk2vL8
9aebe1a5-70a3-37df-8ea1-4add1af0093c.png,IM_e4fk3biGEBszCLQ
9fd96df8-c7a2-3ebe-aff4-99b0925a8348.png,IM_4O2i2KsdQ6J8lzo
a0970dd5-a70d-31f5-ad91-67d41f264918.png,IM_2uB7GmX6BFi1FP0
a89c35c7-9c90-3b83-88db-96614c23252d.png,IM_0HxT74zJWwVI4ZM
a9c70482-3643-3284-b919-f544f7e73518.png,IM_cCK5ss39m20GYZg
ae1126ec-7055-3b5d-86c5-7717b2283e63.png,IM_9tr8UEavLJehkwK
cf1d6b8c-3ead-349a-b5dd-59ecc6a74b67.png,IM_8JvG8QnIWjqwD3w
cf715b52-0ae7-37e2-8473-17a7611f457a.png,IM_ellgRAA7KQXEp3E
d92881a2-685b-3bd4-9913-1625282176a2.png,IM_3faXR5PtjidqFU2
dbad0880-1fe3-3ea7-abc4-3ce679460c7c.png,IM_byjkwiUpnRtPqF8
dc932789-412a-37d2-8979-7a4949af6ebc.png,IM_41PljoGg32SFdTo
dd89be18-2077-3843-aa25-ede508af4eab.png,IM_1NPS60BUsJTmjMG
e30431a9-de7a-3d04-b5c6-35ab61c2b016.png,IM_9HtrTLuyNHTDJe6
e7c784ac-5e6a-3560-92ac-1eb390caae17.png,IM_bPXXkcqPIxjgCTY
eeeda3bd-747a-38b2-8058-10ae19051301.png,IM_ebWmtsHmq89K2LI
f63b4338-7d05-3b06-968c-799545f44d5f.png,IM_e4MVVfja9utCvUa
042e00a8-d368-3da5-8993-2237b61f12c4.png,IM_1NQa3HZtZv8G9NA
09b98e41-39a6-3184-9dcf-e453f790a560.png,IM_e50fVkqZ1325GKi
0c646027-b6e5-3a24-9131-8cbd56389bb6.png,IM_3sA4pqSPCRMdSia
1ac6afb8-ba49-3145-9a96-82866ccb7df5.png,IM_5pCYSjt7zUm7si2
224a1c3d-c642-3564-a4fc-913315953ca3.png,IM_7X1sMBZiV3QtJKC
25026dbc-0780-3ae2-b5f2-3d16fc634582.png,IM_51nPKuSGluVB5C6
28294626-2ee2-32bf-afd1-2456c2b42986.png,IM_3K4HeYffJgjUvau
29990344-bfad-37ba-9011-11820398484c.png,IM_6D9gNH7LgRFoGk6
29f00b96-2c95-3b5b-84d9-f062a64c2fba.png,IM_9t7SjdPYhYYcibA
2cc80b7c-9baf-319e-b0cc-bde25f3e304a.png,IM_cuK5Ds8ysiLf8R8
3063e850-8197-34b4-8b2c-20b80d75e587.png,IM_bDGXZoZGJcRTAdE
46f2367e-bd2e-3017-9c6a-383847e8dbb1.png,IM_8qBtVCsGtLc8MYe
60ad1962-a8b3-3a09-a21e-98761f019e37.png,IM_5iPvwta3pXU8Acu
615736e0-1a62-389e-8871-8770df79296f.png,IM_9YsAqvAhOD263gW
80ad2dad-2367-3038-a981-adaca18b57dd.png,IM_2rcnyoevewc5cH4
815337c0-5c82-3214-9b9e-81058c6afbd5.png,IM_eFMB1kJoeveOa0u
83b5625f-97e6-3b52-b85f-6e64cf8fafd1.png,IM_3x6e3l7yLMKNBY2
9668c2f2-11e7-34b2-b664-8e5410b44f89.png,IM_3l02ZERTLmECKvI
96b88a59-295f-31a7-9650-508ff5aa523a.png,IM_5vb1wRVDZ7NHEJo
a8ea09d4-4ac8-3f65-90b7-ba9701239ad5.png,IM_cHkvS5B1XkQ8NIa
aaabffa9-44f4-3648-93ae-142f3a9e57ed.png,IM_b4rVHH5P1LA7BEa
b8d434e1-472f-34df-97cf-3af60d39223c.png,IM_erj8jy4cnv6t4nY
ba991141-96d9-3e68-8520-4bd3246289af.png,IM_1MOR2rt7VQKco8C
c88f998d-6a34-3c15-aefd-a2517c75f459.png,IM_e8pUfGodCR4LBiu
c90dddcd-742a-3bdf-a78e-6a3d685417a0.png,IM_bvZrHzTaa2tPYMK
d1c1d349-78bc-3b91-9194-14ef85a627bf.png,IM_eS6FJdlg9p5gg8m
d46c5f63-f8ad-3652-af1e-9d16e68b96b3.png,IM_1Ny80j09D9vrdQO
d868d89c-3320-31a6-a972-95c8ead574a6.png,IM_4VeLYS0i0ecmrLo
dbaaa67a-fc16-362e-a6ef-0bff2cdf4410.png,IM_6SDfiHcfQL3ASQm
e3e98163-ef81-34f2-a227-b90a26ad9d4d.png,IM_4ZNu24Yzp8S0BTM
e47590bb-09d9-3851-be81-3dea08867b60.png,IM_8314MVAV3xpf286
e72b05a9-191c-33cf-8cab-a9d779c5df9e.png,IM_6VfKjAbGvHDYBMi
ebcdc2ca-8650-3684-8430-15176a021ef7.png,IM_3P2iJepXdkEGPJk
ed1ce246-ec40-3932-8c1b-1fe164e4b28c.png,IM_0BdpMQtye0GjIRE
ef423030-ce0f-39b3-9dfa-13ee006b0061.png,IM_0cGv6IdG6Yzvqn4
fe522eb6-b588-3245-9bbc-df4ef586b091.png,IM_erFwlSSMbnszRk2
03d9ce86-89a8-3e6b-9131-57481b37132c.png,IM_5tNCMisiq3ueHFc
0ad2e402-668b-396b-85e7-2733ea3eeec0.png,IM_eFl81tRjDzrhIiy
17d27e3e-20ab-3f0d-835a-381899d5142b.png,IM_7TE7i09OPpcrgTs
1d3b242f-5493-3c29-a017-9f768500d3b2.png,IM_aXgAmx22gHMFUkC
27d1882c-d614-394f-a42f-d37a98a3f9bb.png,IM_9md3SudbbwSYEfQ
2ae695b2-47e5-32f1-9001-9dfb5a2650b3.png,IM_4JzrZxkFWeGuv3g
2cd5592c-e9b8-30c7-91a7-7c16bbe79f5d.png,IM_bxXFEa2TtClzLhA
31f61274-4dbd-3d22-8514-d51b6407a394.png,IM_a3O0KoCUCHj5dZk
3266d917-ecfd-391f-9868-47e18e48d691.png,IM_ellgAMwNMzoEsia
3678aa47-a731-37c6-aa41-dcc384028750.png,IM_57TNwA0ucSHSWkS
3b9b5f0d-8a94-3f67-b6e8-a9bdd7df9022.png,IM_79cGDGzTj8MPXzE
3c353692-75ae-3f9f-91d7-db62bc4564a4.png,IM_1FgrR24cVXuhdMG
3d1b1021-fa6e-3224-82f0-e81b28c9118c.png,IM_0GJZDsNE7KaJSWq
5b55c042-87ca-3ff8-83d1-8403f2f8bc15.png,IM_9yipWWKwGDRy6pM
6c64cd9c-f9f3-31dd-b379-8086dae6ef36.png,IM_0eu0M1srihFieto
6c8faecd-e685-3cac-a4fa-d2f4946eecf4.png,IM_6PfH24v3uihPiIe
78fe401f-5c86-3736-bc3e-f0766caeb7f6.png,IM_9p4taXKoO3PmiSW
82220efd-0cb9-3c3f-9c23-79ad1b7a8524.png,IM_6ApIhqHf8Pw0YFU
84d53b3b-78fd-3471-bb85-eb7001cd9ea8.png,IM_5jRIsJSmDbfaHHw
868ca3b0-6700-313a-8f70-09e9ecd81465.png,IM_6Ve4MoPw7d51OJw
8aec46f4-f902-3d8f-ba72-385b2330483c.png,IM_3WcRGEEfLRxjfZs
8d8fb66f-1a32-3852-85ee-f8008c12952d.png,IM_bxfFcgfO3EbN6WG
90c566af-05f2-301d-a000-ae0edfd7917a.png,IM_7QFX8riNaMGdIq2
96a85545-2ece-3e6f-ac06-bc516f246cab.png,IM_bBGe9wh4B3bkCns
9e682cb3-e9c2-32ce-b67f-e7202b29add9.png,IM_6tXAZba1uC8FKRM
a1a88848-b09b-3eb4-9c06-656ca8b283d7.png,IM_a9sdGULMv3DWuA6
a1ac2bf6-081f-3420-b582-c402e24a9118.png,IM_9XNalf6NWFLcGpg
a362ee8d-aadb-3d4c-87d8-36049004689e.png,IM_8jEOTCKYlt18s9E
b4073945-601a-323a-8fab-33ceba1b5a93.png,IM_bNLHYC7S7x515Ou
bedf7c51-5592-3e95-b4a6-63c85911c361.png,IM_eyX7TRIq1LBnj3U
c29c881d-9f8f-312e-99cc-b1358f6b55b8.png,IM_2lchFwBPtIVQdEy
d135a643-214a-3616-880d-cd300a0f5f76.png,IM_9ExQdjDOwwVCrH0
e5cd19e6-56b5-366a-8413-5e4b7b2ada84.png,IM_0P1TrATeorYWEBg
ea82850b-8993-39fe-b201-2d318bf708d6.png,IM_d5bSSE9KrAJeXno
ec43b10a-1d1d-38d2-a30c-ebbe044b512e.png,IM_bw37StpxirXEqvY
f29f601b-ac33-377b-bc4d-ab41893a65ae.png,IM_2nk2i2NP3BO4klM
03fa8f02-8b64-3118-af8c-39ec5186a69e.png,IM_2ofv04WaPPOwBts
114d73c2-7fca-3da8-891e-ddd0347f8ac2.png,IM_eJXRfpRSGAr6j5Q
16e2f8f6-25ab-3417-8252-ee734c09125b.png,IM_5jUWN8HZJwQW1oO
22e3ac8b-f333-3e44-9d03-9bb179791c67.png,IM_cBnphTZpggYe7lQ
28b9282a-446e-3cad-833c-53f500555b96.png,IM_erJtpez59xSkFdc
2bb9ae4b-72e4-3a87-99e2-e177b4921477.png,IM_eVSAvMW623NyWpw
2c849cd8-70ff-3bf8-97c5-911bd3d5a06e.png,IM_bygBt5BvtmlfjkW
2f48cc96-a1fe-3d34-81c8-e79643ebd1f9.png,IM_41nTWW9zi3lEXaK
42ce1274-ec4d-3bf2-8717-d1d8bea21cde.png,IM_9zPfIAMwdZ5oFme
493d31d2-87d5-39d6-9d6a-5f8854ea60fc.png,IM_4UXzBLXmf6RbIay
4da4c0d6-15a2-3592-ba7e-986d403d6ecb.png,IM_6S5GosWcoASDb9Q
5060b111-34bc-3cc9-883b-b716f0bb4d87.png,IM_43i1vhQ3zAmOTfE
539059d1-9915-3c5f-a14b-21d90db6191d.png,IM_38emVGmg35agcnQ
5daa8e97-3b20-37d9-8333-2999bb228f84.png,IM_eu1INxna8MC447Q
6987662a-8cfd-37ac-99b9-df9b266d56ab.png,IM_a9r0m5pcKa9YwUS
6d8759b0-9ec3-3028-927b-d8f7436537da.png,IM_dg63IrN6VzJ1QMu
70c2e182-adc9-34d7-920c-00b382879495.png,IM_agk44veqJGOAsAe
7627df1b-c0ad-3b19-b765-52a1aa280327.png,IM_00uXflaIXSBQ4TA
7e0d57ba-fa1e-396f-a8a0-9c8e20f8ee12.png,IM_cBlIOC3GdUSDLRY
82783460-79d2-35a7-9f65-029967bc0d34.png,IM_6KHag9oeoPjCjGu
87cf5d8f-9c0e-39a8-afd8-0920920320ca.png,IM_eERqC5Y7Z19CCYm
8bfb708e-1a8b-35c3-a623-fbee79cf2606.png,IM_82C4lj24kHLsmG2
8c1306f4-df58-3af3-aa7f-e9d0c94c9a32.png,IM_4T5Ttq48weTXPU2
91722ab8-d5c9-35bd-9f5d-fc19eb1e6f18.png,IM_54Fh0q4v9JGozMa
95e35685-aed6-3b8a-a96a-8a4c6eae3cff.png,IM_6nFkOtciuqstSOG
ab645ae6-1532-3942-8c15-2cadf2addcfe.png,IM_7UQv4THbo0yXitw
b5fd9282-1a40-3b1b-8524-14313552ddeb.png,IM_bvzaQMERZoK5LZY
bb12711a-9c4a-3792-bbcd-15ce072c0d83.png,IM_40crpAXAVQcTpNI
bea83c7f-4178-3cc0-9c6a-0f75f8ae99da.png,IM_38xEu2l9uWRR7Uy
bf46e512-69bc-336d-a8ed-fb0ad5d79201.png,IM_9QYcw5baFRZBZJk
c14c41e7-cf0a-3250-88ad-f7aa184fe911.png,IM_7WF3I6YtF1jpCrc
c2cf0c0b-1e97-3538-9537-90881084e1af.png,IM_2aflddPJMGe150a
c82e8edd-668d-305a-9732-b217e5214e5f.png,IM_24ysge2F1QSGdUy
c90704f9-3d71-33e2-9597-c17eed1b06b5.png,IM_bw7zGE5ueEpSVoy
cf486287-b0b3-3d1a-9e77-414e89a1e16f.png,IM_3VDFUjBTnf1peOW
d635c2dc-b0ec-3bcf-b16d-e90c2636a74e.png,IM_1ByU8DR40jhTGHI
