imgName,imgID,imgURL,imgPath
NVB_C009_l10n512_S12345T692_z54_baryon_density_blue2cyan.png,7b215e13-a828-319b-af88-f719da97c5b3,IM_bQTtvQ6xDvsNMk6,syncDarwin/images/imageDB/baseline
NVB_C009_l10n512_S12345T692_z54_baryon_density_cool2warm.png,0f3a5cae-1ce1-3d08-8861-47a22fa2d940,IM_0drf2Eq9SU9U19Q,syncDarwin/images/imageDB/baseline
NVB_C009_l10n512_S12345T692_z54_baryon_density_jet.png,cd032302-b5cf-3c12-ba4d-47b9978ee36d,IM_9z7OygI2V10gth4,syncDarwin/images/imageDB/baseline
NVB_C009_l10n512_S12345T692_z54_baryon_density_plasma.png,9483acda-08ff-3235-bf55-87bd850fe2a5,IM_1NRCOibFQzYzuZM,syncDarwin/images/imageDB/baseline
NVB_C009_l10n512_S12345T692_z54_baryon_density_viridis.png,d6cf21c5-8464-32c9-824c-734bb3ceaca0,IM_2i6fTJ36EVc7gmW,syncDarwin/images/imageDB/baseline
NVB_C009_l10n512_S12345T692_z54_dark_matter_density_blue2cyan.png,52259eef-a4cd-3bfb-85aa-15a81e513844,IM_1S5T8NXZUCKSBE2,syncDarwin/images/imageDB/baseline
NVB_C009_l10n512_S12345T692_z54_dark_matter_density_cool2warm.png,e3a1a3bc-df49-30fc-8958-0ac8e6e508d7,IM_eVf20vlhp2DFod8,syncDarwin/images/imageDB/baseline
NVB_C009_l10n512_S12345T692_z54_dark_matter_density_jet.png,79420c16-d78b-31d7-86ae-87f690590b60,IM_9uDTCHRqOMKjKnA,syncDarwin/images/imageDB/baseline
NVB_C009_l10n512_S12345T692_z54_dark_matter_density_plasma.png,31bc9501-78b6-3fd7-9cda-fc80121a3c54,IM_9vFUUhFMpqUC8nQ,syncDarwin/images/imageDB/baseline
NVB_C009_l10n512_S12345T692_z54_dark_matter_density_viridis.png,95792092-7bef-3ea4-bac6-ceb07e8480da,IM_3IWhhO4vo4Q968S,syncDarwin/images/imageDB/baseline
NVB_C009_l10n512_S12345T692_z54_temperature_blue2cyan.png,3f0d6771-686e-3540-8688-a57864330a5a,IM_9nIWln2voWPBUJE,syncDarwin/images/imageDB/baseline
NVB_C009_l10n512_S12345T692_z54_temperature_cool2warm.png,57b00f74-d74d-3751-8e22-4e585da10969,IM_egjjc6yFMKp2BCK,syncDarwin/images/imageDB/baseline
NVB_C009_l10n512_S12345T692_z54_temperature_jet.png,cb54bc18-7b53-3c09-ab5c-0719c57346f0,IM_3geAtlMX8X55Ph4,syncDarwin/images/imageDB/baseline
NVB_C009_l10n512_S12345T692_z54_temperature_plasma.png,2b0fec53-c55d-34b3-98d9-7275ed6a47d0,IM_d5nAXsRjIaOojdA,syncDarwin/images/imageDB/baseline
NVB_C009_l10n512_S12345T692_z54_temperature_viridis.png,f19da561-251c-3f43-96d7-aabf4663732e,IM_3QLwdGvZLWS8Ry6,syncDarwin/images/imageDB/baseline
NVB_C009_l10n512_S12345T692_z54_velocity_x_blue2cyan.png,cdb82c3b-a82e-3adc-92ba-aaeb4266688d,IM_9NOhIhfmIQUzhcy,syncDarwin/images/imageDB/baseline
NVB_C009_l10n512_S12345T692_z54_velocity_x_cool2warm.png,8a14c416-24ba-3063-8505-52fe3ccf309c,IM_9MRIYDpWE4KvoTs,syncDarwin/images/imageDB/baseline
NVB_C009_l10n512_S12345T692_z54_velocity_x_jet.png,01e0b0d6-b086-36a4-8f3d-e5263f107f97,IM_6RUqNiIBhzWTLWC,syncDarwin/images/imageDB/baseline
NVB_C009_l10n512_S12345T692_z54_velocity_x_plasma.png,2d32bc1c-7efb-3c96-a0f5-16688d6cb129,IM_3shpG1vKxojEN5c,syncDarwin/images/imageDB/baseline
NVB_C009_l10n512_S12345T692_z54_velocity_x_viridis.png,b2ad5c19-dee3-3ffb-a2e2-ea7d62a4e277,IM_dnBoZ9sUwQdbuQK,syncDarwin/images/imageDB/baseline
NVB_C009_l10n512_S12345T692_z54_baryon_density_blue2cyan_nobg.png,25991fbd-5754-3ca4-9ed6-25ae9d070fb1,IM_bvilb2v9dPox2GG,syncDarwin/images/imageDB/baseline_nobg
NVB_C009_l10n512_S12345T692_z54_baryon_density_cool2warm_nobg.png,c9934c5f-a140-3fd1-9c97-49519a9b0861,IM_3OVYwwaImp92Pzg,syncDarwin/images/imageDB/baseline_nobg
NVB_C009_l10n512_S12345T692_z54_baryon_density_jet_nobg.png,b8a6c700-4cbc-38b2-9a0b-4e7bffcf2947,IM_aWV07cxV8wWXFX0,syncDarwin/images/imageDB/baseline_nobg
NVB_C009_l10n512_S12345T692_z54_baryon_density_plasma_nobg.png,e032ba0f-c1b2-320c-a708-66af5e1d17ae,IM_6XNOsRGq3Dj5PXU,syncDarwin/images/imageDB/baseline_nobg
NVB_C009_l10n512_S12345T692_z54_baryon_density_viridis_nobg.png,2f8f64b8-86a8-3c65-b4be-349085bf5a4f,IM_74e98m9JK6CvaCO,syncDarwin/images/imageDB/baseline_nobg